"","ID","Voter.ID","Weight","Time.Created","Choice","Proposal.ID","Space.ID","N.Votes"
"1","0x5a9f02edb0eb87995c52d540c7811799c0c0ecec4bc66832e509fbc1d4b28ef7","0x8EE8fd1B19Fb7ceB4A640807B7a9327F55FD658E",1,1654536355,1,"0xe2f0a3100ef3ca54903c68d4cd9980ccee12bac5d46cf1b2b28d997ff755c473","poh.eth",5
"2","QmUQCH6cpoYiZyaxN9bx46cfPtCbGmYh9My9Ep5hprRJRJ","0xAE1Bd12B418C79D565E1A41c77DD6F9C482C829e",1,1654532185,2,"0xe2f0a3100ef3ca54903c68d4cd9980ccee12bac5d46cf1b2b28d997ff755c473","poh.eth",4
"3","0xa7e582fd55aa7a8c1264ac2b8af2703ae971d0b77d0b403133601eccc1c92673","0x6986E8C8Da33753443959690c240B03931Bd1Edc",23,1654521883,1,"0xe2f0a3100ef3ca54903c68d4cd9980ccee12bac5d46cf1b2b28d997ff755c473","poh.eth",6
"4","0xb5c0000f0fab0d4b72723faff2f8c0bde991a91cca27de9c54aec3dd1f2e1210","0xaBfd1fffFD163A449B3119D1B9BbeFBcaE04Ba27",1,1654518897,1,"0xe2f0a3100ef3ca54903c68d4cd9980ccee12bac5d46cf1b2b28d997ff755c473","poh.eth",4
"5","0xfac68e99ac6e47b502896dfc89b35bba7c7f5d1c1f2caa187db00e394e372584","0x68e858455EF7cab11152D1AFaBC5c106b690b014",1,1654518763,1,"0xe2f0a3100ef3ca54903c68d4cd9980ccee12bac5d46cf1b2b28d997ff755c473","poh.eth",4
"6","0x2c6f3687c87a81d0ca46675d1cf5d7eb9fd404cca69f6cf6f5fdbf6d7e85f4b3","0x3C6Fe781B36cb2C89e1C355572e21022f6B65372",1,1654503094,2,"0xe2f0a3100ef3ca54903c68d4cd9980ccee12bac5d46cf1b2b28d997ff755c473","poh.eth",6
"7","0xc966c3aef4344fbc5e5e7cca019ac09275f969577f99ff6a20dc8550bafb5f7c","0x95F50Cf888dFeC90321dC376c1E695F15B081595",1,1654496912,1,"0xe2f0a3100ef3ca54903c68d4cd9980ccee12bac5d46cf1b2b28d997ff755c473","poh.eth",5
"8","0x1b1d7f1011eb01850491dcc08e0689b346b8a293a63a75c3bdaea0148212b920","0x7632F73359e198D0E9aF613a8043dc1125890e7d",1,1654463335,1,"0xe2f0a3100ef3ca54903c68d4cd9980ccee12bac5d46cf1b2b28d997ff755c473","poh.eth",4
"9","QmW88Z6LVSDtKzDVJsE1AbMXUUagy9FRYuB14oRvrmdcpd","0xBd48b22039146ccd80c96D516cA5FE61f4133b4E",1,1654446586,1,"0xe2f0a3100ef3ca54903c68d4cd9980ccee12bac5d46cf1b2b28d997ff755c473","poh.eth",4
"10","0x106139a82fe40ec77519da13c2770df34ead2827e28baf415a353f3ddf4fc487","0x9d9E26932d012b2Ab21B974fE1552F4025b1e1Cc",1,1654260517,2,"0xe2f0a3100ef3ca54903c68d4cd9980ccee12bac5d46cf1b2b28d997ff755c473","poh.eth",4
"11","0x732f0e3436936d084342917739c3647c6c4e5a5c374f2b861a519a2b66c0c0ed","0x5759252489D5Ab3A1Bb7b120133b7D6C73b21B73",1,1654239077,1,"0xe2f0a3100ef3ca54903c68d4cd9980ccee12bac5d46cf1b2b28d997ff755c473","poh.eth",5
"12","0x5fc7011f74a0f874e2bb2d1bd26b9047ee0212fb0ca947cf9256d939847f65c1","0x3F40D51550db46321B96229E321fAB3cA233FCCc",1,1654199037,1,"0xe2f0a3100ef3ca54903c68d4cd9980ccee12bac5d46cf1b2b28d997ff755c473","poh.eth",4
"13","0x39f053b57e297c2b0bd57cdfe17eef6724da8e2f7f462a6881df26846ea4b31c","0xB7600Eb258f11BEF339bEe274cF39E8373ABF015",1,1654189973,1,"0xe2f0a3100ef3ca54903c68d4cd9980ccee12bac5d46cf1b2b28d997ff755c473","poh.eth",4
"14","0xf7bed7394766216a0697d94a76b81f43f53b2bf21d519fe375fa6104c93010d6","0x2ad91063e489CC4009DF7feE45C25c8BE684Cf6a",3,1654189254,1,"0xe2f0a3100ef3ca54903c68d4cd9980ccee12bac5d46cf1b2b28d997ff755c473","poh.eth",4
"15","0x722573d4385fcbbd321542e1b9389232954fde4469982855561e04240869288c","0xf28AB805D6Edee246443AC25E3C4aA4A2B56c586",1,1654186179,1,"0xe2f0a3100ef3ca54903c68d4cd9980ccee12bac5d46cf1b2b28d997ff755c473","poh.eth",5
"16","0xeaf0079a0b7fe46bb6bd4902eddf3a9e5013361fff02a4c3124f04bda1a017e2","0x5388C7C6fD1bF4741dEB4ad08b76775a686CB276",1,1654179818,1,"0xe2f0a3100ef3ca54903c68d4cd9980ccee12bac5d46cf1b2b28d997ff755c473","poh.eth",4
"17","0x75fd66289c62ce8cd470f0b2320eff735d646e0b059b9a1f30a93a6bbc3ecb4d","0x4074D0b0519610bb675e7d74B4171039d230F451",1,1654179139,1,"0xe2f0a3100ef3ca54903c68d4cd9980ccee12bac5d46cf1b2b28d997ff755c473","poh.eth",6
"18","0xbb9f7fc775f0e5c04c6340a2a6753c2d2cbe4a8f07bd5f7d047f799f2094be56","0xa93159AC7fD211361b7e036199Cfe7f6625C35f8",1,1654176188,2,"0xe2f0a3100ef3ca54903c68d4cd9980ccee12bac5d46cf1b2b28d997ff755c473","poh.eth",4
"19","0x4ce1687c5cc45e8ca6a8179fa6a0fc4d5066871cdc89f8471d1b79bb985097c9","0x68c0dd2b5A5df00Bca4f7df8CA9b1425Fe817728",1,1654176154,1,"0xe2f0a3100ef3ca54903c68d4cd9980ccee12bac5d46cf1b2b28d997ff755c473","poh.eth",4
"20","0xc49d69563948a066b9b0f13b3cbfa1b24f979cc43ed273efc8983da35fadcc03","0x82914fa00a71d80d46090e1414720275FcdE6836",1,1654175980,1,"0xe2f0a3100ef3ca54903c68d4cd9980ccee12bac5d46cf1b2b28d997ff755c473","poh.eth",5
"21","0xb03018cfb55016445a5595dca3fd5523dd6fe1adc6b57b1fb9810511a5d85447","0xA770d7d1E99d1e4510aFFc670BC983fbcDC819F5",1,1654170218,1,"0xe2f0a3100ef3ca54903c68d4cd9980ccee12bac5d46cf1b2b28d997ff755c473","poh.eth",5
"22","0x29916e915b49208bf3cb48d1723d61300390ab5e12d4033a246e3058cdf49358","0xe724C1D534284f2837F3ab310eF8329BBD7c045E",1,1654165553,2,"0xe2f0a3100ef3ca54903c68d4cd9980ccee12bac5d46cf1b2b28d997ff755c473","poh.eth",7
"23","0xc091a9c086b5ddf934c4397c6fc0100410f95e850f73fdabd38277ad96bd9695","0xC97C5931C53223B434b64B44d03f4d5B404126b1",1,1654123090,1,"0xe2f0a3100ef3ca54903c68d4cd9980ccee12bac5d46cf1b2b28d997ff755c473","poh.eth",4
"24","0xe3a5f1f1d6e5eb1785a9bf91cb3967b704dc5c6ecc4f5aa119ffa9f251f12eda","0x58805f572924b83b8c224184d2Cf60ad3302DBDF",19,1654111351,2,"0xe2f0a3100ef3ca54903c68d4cd9980ccee12bac5d46cf1b2b28d997ff755c473","poh.eth",5
"25","0x570a3adf8a7589585cc7da094314248d24cecdfc3e0f89afa6f5d82cb5d29499","0xAEEB3B86314009F5eE315c49414646a1f5709d1C",1,1654101742,1,"0xe2f0a3100ef3ca54903c68d4cd9980ccee12bac5d46cf1b2b28d997ff755c473","poh.eth",6
"26","0x0e1404bf4fbcca34ea2aa64463c8b66cf78d3e4ccfaebb942ba8d507f0effa81","0xe81F882F114255c04044C6A2534d7887f981b14B",2,1654100218,2,"0xe2f0a3100ef3ca54903c68d4cd9980ccee12bac5d46cf1b2b28d997ff755c473","poh.eth",6
"27","0x72c9dfc7c079e9691761233a88bdf2ed69067c40e23cf461678cfc1623dfa212","0x0D70cbb4598A1ba7C21225C280a54C9fE9295802",1,1654098501,1,"0xe2f0a3100ef3ca54903c68d4cd9980ccee12bac5d46cf1b2b28d997ff755c473","poh.eth",4
"28","0x2f090fb3853a6cb3444582fc8a3e05ccd8390d17bd7de934ee2f682070988f9d","0xC6510245a3d961746DB4883916d2D600e19f4ff3",1,1654098485,1,"0xe2f0a3100ef3ca54903c68d4cd9980ccee12bac5d46cf1b2b28d997ff755c473","poh.eth",6
"29","0x0daa620f12199e4c8a3a2d066beacbd68ae02817fbdf6ae818cb4f5f9d20f22b","0x504E7620069a0a8354434dED3150ed7E2ECF5153",3,1654095028,1,"0xe2f0a3100ef3ca54903c68d4cd9980ccee12bac5d46cf1b2b28d997ff755c473","poh.eth",5
"30","0x724a1149cf95996427e96483dc5fd31f1aa5141b833aad20dacb44f4e6867f69","0x749A37e63d4B4FB8CA8a07a9C168eB55207c1d79",1,1654091555,1,"0xe2f0a3100ef3ca54903c68d4cd9980ccee12bac5d46cf1b2b28d997ff755c473","poh.eth",5
"31","0xc112807337a2741bde6347f344f26ea1041ebbdd542373e5bfe57c59c71a7563","0x521aacB43d89E1b8FFD64d9eF76B0a1074dEdaF8",1,1654087053,1,"0xe2f0a3100ef3ca54903c68d4cd9980ccee12bac5d46cf1b2b28d997ff755c473","poh.eth",4
"32","0xe0e17005660c2ccb73c1b116d8770bd68d2b68b9c974333be18adc3635a9147b","0x3c13f2B56AF614aC6381265EcB3B619bA26CC641",5,1654081799,1,"0xe2f0a3100ef3ca54903c68d4cd9980ccee12bac5d46cf1b2b28d997ff755c473","poh.eth",6
"33","0x61c04610aa17db3b1f125866fe5878e5064fe3e9181cf4d874c8a45ebeb03905","0xB89B619e3F6C35019D4Be83E92e99e809AF8ECb3",1,1654077650,1,"0xe2f0a3100ef3ca54903c68d4cd9980ccee12bac5d46cf1b2b28d997ff755c473","poh.eth",4
"34","0xc68357dcf9017798cb65a4caf2f8be0a49aaca6d25a34ef40f1f6d46d763a6f4","0x45452D8508356dC9619F23Eab6932B4Aab1946E6",1,1654077452,1,"0xe2f0a3100ef3ca54903c68d4cd9980ccee12bac5d46cf1b2b28d997ff755c473","poh.eth",4
"35","0xfb560d8c9d2454e357c04b297f01bdc3d86b354b53bb72280e5523636714768c","0x816384B4E6644f3A1Cb683E1CB83409A464532eA",1,1654063876,1,"0xe2f0a3100ef3ca54903c68d4cd9980ccee12bac5d46cf1b2b28d997ff755c473","poh.eth",6
"36","0xe970751706b3be9fd2ae9439d3eedb7e315a4f4f97689f83a0bfd2ddf7d4a2f2","0x30C7F4F7504D6366916f669cd8E731ED4dF6C702",2,1654061643,1,"0xe2f0a3100ef3ca54903c68d4cd9980ccee12bac5d46cf1b2b28d997ff755c473","poh.eth",5
"37","0x51f87130e4b1630679af0e562143baf8553fc99670c67970902f674cd57c1d8f","0xC88920b0e3DAab93e9b539a21764A2F50682c2Ec",1,1654050804,1,"0xe2f0a3100ef3ca54903c68d4cd9980ccee12bac5d46cf1b2b28d997ff755c473","poh.eth",6
"38","0x57467028629ae90c3d6d861bc86ffd01584983abe4c3ed916199aeb3637535f5","0x14D92832265eeAFDEF9e526356FEfc90105966c3",1,1654044093,2,"0xe2f0a3100ef3ca54903c68d4cd9980ccee12bac5d46cf1b2b28d997ff755c473","poh.eth",4
"39","0x9446baba0a515b6133816d2a50ed5784aad66dd45b3546aa317f474b81a26ab7","0xaF323A35075A7cF7Da7c6b4Db4B5082F7b995ee3",1,1654043277,1,"0xe2f0a3100ef3ca54903c68d4cd9980ccee12bac5d46cf1b2b28d997ff755c473","poh.eth",6
"40","0x19c876835195eda537905a18463d250772f368a87f4a877361535f15f30fbc40","0xf2067CCD06fDdf3DD90d3a850244434214C6143D",1,1654031245,2,"0xe2f0a3100ef3ca54903c68d4cd9980ccee12bac5d46cf1b2b28d997ff755c473","poh.eth",7
"41","QmaN3tF3FzmoWtQMetH9EKH5moP6mst8nmBpgy43FswMEG","0x29E9e608aC6C7FEEee8126F1629640e7b2b31Bfd",1,1654030634,1,"0xe2f0a3100ef3ca54903c68d4cd9980ccee12bac5d46cf1b2b28d997ff755c473","poh.eth",4
"42","0x20aede191543e93d27d2f0fb4354d84a79b6b964ff50881d386925ed268fc032","0xA72ef9BB82d59464eAA63f461C273f8028b20f5c",12,1654030119,2,"0xe2f0a3100ef3ca54903c68d4cd9980ccee12bac5d46cf1b2b28d997ff755c473","poh.eth",6
"43","0xea83b4a74cd01afae0be6937583274f3e6cd8d8c39d3c1de8bada901fda86205","0xDd5AA88aD0b7E1fb429CE7419C37ca178c6D77aC",2,1654024353,1,"0xe2f0a3100ef3ca54903c68d4cd9980ccee12bac5d46cf1b2b28d997ff755c473","poh.eth",6
"44","0x2ab48abf9b96141031e6ac1bc3b2bea02b5c49047f7eada16fef5f856a49d285","0x2A52309eDF998799C4A8b89324CCAd91848c8676",53,1654023785,1,"0xe2f0a3100ef3ca54903c68d4cd9980ccee12bac5d46cf1b2b28d997ff755c473","poh.eth",6
"45","0x0f922c66ecac4d86c10986fb99808e96ae4b540c712ab93d785f47321c2a9fe1","0xb39D022eDF05C31e1981f4F4D8137dDa9C57CFaE",1,1654019597,1,"0xe2f0a3100ef3ca54903c68d4cd9980ccee12bac5d46cf1b2b28d997ff755c473","poh.eth",4
"46","0x673f5a04d39d9ebe4f4599cb566a4540f0ea2f2303cb8030be51cfc9f0b7e3c1","0x69528C13dCb9d6D5bCb68FD77F8d5498F841fFe4",1,1654007793,1,"0xe2f0a3100ef3ca54903c68d4cd9980ccee12bac5d46cf1b2b28d997ff755c473","poh.eth",5
"47","0x842a02a66341b615edbdb22fc152a3c6631e60d1081e70d831aa64b0c35dc712","0x0B4C4d870827f00d9081e6b9aF67d912Ab178002",1,1654007424,1,"0xe2f0a3100ef3ca54903c68d4cd9980ccee12bac5d46cf1b2b28d997ff755c473","poh.eth",7
"48","0x9415ca3bd9b94667565aebe22f1bb5de8cc86e045b8a69ac940cc0d893fcdbc2","0xc24Fe6f2bae027aeee47390be73D121f18F51bdB",1,1654005392,1,"0xe2f0a3100ef3ca54903c68d4cd9980ccee12bac5d46cf1b2b28d997ff755c473","poh.eth",6
"49","0x80db12ab9a741eef92c0418c95d8890d4740238757114532a56c40d4f4153423","0x7BBbDD9bC719b6A7bB6Cd0C912bf35a14d05C21D",1,1654005390,1,"0xe2f0a3100ef3ca54903c68d4cd9980ccee12bac5d46cf1b2b28d997ff755c473","poh.eth",4
"50","0x86ec7dcf5b1f4855fa4f3092ba919d311b5fbdfaec9e9fc74afdeb21559e7853","0x5eb68ef3EcF34Ae424442e4bfb4Da200a1b38Bc0",1,1654004900,2,"0xe2f0a3100ef3ca54903c68d4cd9980ccee12bac5d46cf1b2b28d997ff755c473","poh.eth",7
"51","QmQNexsesdKuFMRwgrwGZ64f4bYu2bbzrMHz8JJcMwqStB","0x8BF7Cd4aE85F765a06006802e21bbCC968f45421",1,1654004454,1,"0xe2f0a3100ef3ca54903c68d4cd9980ccee12bac5d46cf1b2b28d997ff755c473","poh.eth",4
"52","0x16731e91aadb02521805fa30979fcbe4c4660230bc1569d2e408901b36434df7","0x2c16E45e694E3ef37feb3db1851FBE146e677420",1,1654001938,1,"0xe2f0a3100ef3ca54903c68d4cd9980ccee12bac5d46cf1b2b28d997ff755c473","poh.eth",5
"53","0x7e3a8f67019ce2102fcd4467e3c8da4ad47bfd4331e8fb66af5f0c9ac96e8347","0x2Dc84A71e20D8CF8556E0c69925d62F3D60169bc",1,1654000199,2,"0xe2f0a3100ef3ca54903c68d4cd9980ccee12bac5d46cf1b2b28d997ff755c473","poh.eth",7
"54","0x805f15165696a8f10af8e5297451acc7e37f1929d572afd6442f68179e1a8ea7","0x1f8a9C9CF8e85A5ae5372005D006Bf535D0Ec8f6",1,1653998609,1,"0xe2f0a3100ef3ca54903c68d4cd9980ccee12bac5d46cf1b2b28d997ff755c473","poh.eth",4
"55","0x78294270da5b462ae1a0b3885b96c9dec9a681d0971ddc22bdf1046b7e63350a","0x26ADb3161aAb47747Bfa9B76c09F30f151A6898b",1,1653998598,1,"0xe2f0a3100ef3ca54903c68d4cd9980ccee12bac5d46cf1b2b28d997ff755c473","poh.eth",4
"56","0x4517177397e0dbab286812c949a8b6a74c80bc220822c383faf0460b0a6164db","0xC61b22c563e2b6307725eE0551B25fEfEc99A4B8",1,1653998590,1,"0xe2f0a3100ef3ca54903c68d4cd9980ccee12bac5d46cf1b2b28d997ff755c473","poh.eth",4
"57","0x3235dcffc7f38052463aeaf7175145bba01104836955f98b55a627672aa0b2bd","0x4Ca2a670bd5505B870B21331a53D9bB4AE6e2084",1,1653998579,1,"0xe2f0a3100ef3ca54903c68d4cd9980ccee12bac5d46cf1b2b28d997ff755c473","poh.eth",7
"58","0x88b8e09b608480a81ec5596db6452260cf5350f31eac73fa0f61e2d0abb36117","0x17a91203A9E9C3519c2F76210497eF7F4BE2352F",5,1653998564,1,"0xe2f0a3100ef3ca54903c68d4cd9980ccee12bac5d46cf1b2b28d997ff755c473","poh.eth",6
"59","0xae0722eef89c24db5d2a1813bfba3e4542daefd34d25142194747024bdeced0d","0x2Dc84A71e20D8CF8556E0c69925d62F3D60169bc",1,1651496335,2,"0xa723831cfd3f78a3bcda26732955364c25d48f9ddd6e8a8b171dc6614d190928","poh.eth",7
"60","0xd885be8ebfb2f751964725802b032dee5e0ca4ca36b5d135b30b0f0fc68e60d0","0xe724C1D534284f2837F3ab310eF8329BBD7c045E",1,1651485132,2,"0xa723831cfd3f78a3bcda26732955364c25d48f9ddd6e8a8b171dc6614d190928","poh.eth",7
"61","0xcbe5225ef189bb4bf9134d4d23c8bb18238e28b4f6f82e26d01c9032bfa67598","0x9d9E26932d012b2Ab21B974fE1552F4025b1e1Cc",1,1651474538,2,"0xa723831cfd3f78a3bcda26732955364c25d48f9ddd6e8a8b171dc6614d190928","poh.eth",4
"62","0x47d9af73edfdff28ad2b2478c13e94e3ca781bd56deba4cf72face93d613d02b","0x3F40D51550db46321B96229E321fAB3cA233FCCc",1,1651459609,1,"0xa723831cfd3f78a3bcda26732955364c25d48f9ddd6e8a8b171dc6614d190928","poh.eth",4
"63","0x86ddacb43a11221c0244c70b499d4bd3fff09f8a8497831739d88767fccf232c","0x30C7F4F7504D6366916f669cd8E731ED4dF6C702",2,1651446644,1,"0xa723831cfd3f78a3bcda26732955364c25d48f9ddd6e8a8b171dc6614d190928","poh.eth",5
"64","0x89be66d7a86a71791ec615fa22c9c4bbe4598d3db73fe7406b67d8b6d58d7862","0x5eb68ef3EcF34Ae424442e4bfb4Da200a1b38Bc0",1,1651440324,2,"0xa723831cfd3f78a3bcda26732955364c25d48f9ddd6e8a8b171dc6614d190928","poh.eth",7
"65","0x40b82f3179e308ed55005e21a72d2e914d8fe1b2b383ce258e101603d2efd02d","0xC97C5931C53223B434b64B44d03f4d5B404126b1",1,1651422641,1,"0xa723831cfd3f78a3bcda26732955364c25d48f9ddd6e8a8b171dc6614d190928","poh.eth",4
"66","QmUXCFcTKEJ1ehNSCY86yukmXkgiwA8Jb5Xd2RXDKH2Noa","0x816384B4E6644f3A1Cb683E1CB83409A464532eA",1,1651422108,1,"0xa723831cfd3f78a3bcda26732955364c25d48f9ddd6e8a8b171dc6614d190928","poh.eth",6
"67","0x1255e22127ad2d5d0cbedd25c5f10202e8fe3ce1bef9e3f46b16f49259ba25f5","0xaF323A35075A7cF7Da7c6b4Db4B5082F7b995ee3",1,1651409542,1,"0xa723831cfd3f78a3bcda26732955364c25d48f9ddd6e8a8b171dc6614d190928","poh.eth",6
"68","0x8f85c8a96f4e9b4224f66907ec2db2f032639e0ba839030204791cbb633d7ab8","0x5B99Fe4D171C766fdcC8Cf06Cb3B96Aa51Ea690C",1,1651408248,2,"0xa723831cfd3f78a3bcda26732955364c25d48f9ddd6e8a8b171dc6614d190928","poh.eth",6
"69","0x931afa15f4338c4732bd2ef5ccee51a93e0b481791d606d378025f39c491d456","0x7BBbDD9bC719b6A7bB6Cd0C912bf35a14d05C21D",1,1651366528,1,"0xa723831cfd3f78a3bcda26732955364c25d48f9ddd6e8a8b171dc6614d190928","poh.eth",4
"70","0xa55a988bf78841ac9739a9b7b207c1e371a16a8dc60303dfcae9ac93173b84f0","0x05f472D895F66c6BFd2EfAd2b622554D4a409C29",1,1651346284,1,"0xa723831cfd3f78a3bcda26732955364c25d48f9ddd6e8a8b171dc6614d190928","poh.eth",4
"71","0xa00a2a5f340de18097ae49c5b61ba7ad7e5bf853f1c7ea0043978c91c7d0bcb2","0xA72ef9BB82d59464eAA63f461C273f8028b20f5c",15,1651343698,2,"0xa723831cfd3f78a3bcda26732955364c25d48f9ddd6e8a8b171dc6614d190928","poh.eth",6
"72","0xced64319c5bae0d1d9bf838d01d64082caeb37032347888ac1d6b2d2de4e08d9","0x69528C13dCb9d6D5bCb68FD77F8d5498F841fFe4",1,1651331211,1,"0xa723831cfd3f78a3bcda26732955364c25d48f9ddd6e8a8b171dc6614d190928","poh.eth",5
"73","QmW7x1Lj5UiynNRSmESYX6g5QXmTKnLbrs9NKmxGfikRGp","0xBd48b22039146ccd80c96D516cA5FE61f4133b4E",1,1651321218,1,"0xa723831cfd3f78a3bcda26732955364c25d48f9ddd6e8a8b171dc6614d190928","poh.eth",4
"74","0x7dbb8706ddede189a9a5c0d8cb7ee681f9a3c42ed0415dabd8c9c485a4662b4f","0xc24Fe6f2bae027aeee47390be73D121f18F51bdB",1,1651318563,1,"0xa723831cfd3f78a3bcda26732955364c25d48f9ddd6e8a8b171dc6614d190928","poh.eth",6
"75","0x531c1aa591582bfca6e74f9bf5e14843ab05f12d83061d3a4d0c801895687d82","0x29E9e608aC6C7FEEee8126F1629640e7b2b31Bfd",1,1651313791,1,"0xa723831cfd3f78a3bcda26732955364c25d48f9ddd6e8a8b171dc6614d190928","poh.eth",4
"76","0x7dbb7f393508db8b090ccb36b357850cb4da2fe1873dd20bc2e89135d269b7c8","0xce6364C714bfDF453f01b0A5E6EBA500392976fF",1,1651311182,1,"0xa723831cfd3f78a3bcda26732955364c25d48f9ddd6e8a8b171dc6614d190928","poh.eth",4
"77","0x8e9b4eccd02ce8a40fe8bc3ed01720855cb7757b8174a66edc908cfff1f7c207","0x5759252489D5Ab3A1Bb7b120133b7D6C73b21B73",1,1651308546,1,"0xa723831cfd3f78a3bcda26732955364c25d48f9ddd6e8a8b171dc6614d190928","poh.eth",5
"78","QmSCvvwrjkkz3EVRzhrccWfwota6bi6E4TR2ng9pYE1bsf","0xb525F6b3b5EFCC0C54582de2F08D890F7793e3e4",1,1651299367,1,"0xa723831cfd3f78a3bcda26732955364c25d48f9ddd6e8a8b171dc6614d190928","poh.eth",5
"79","0x936b454c113b07bc4ee0fcdf3fc02b7e32e5cd138991c1aeadb93c56a956a5b3","0x0D70cbb4598A1ba7C21225C280a54C9fE9295802",1,1651290793,1,"0xa723831cfd3f78a3bcda26732955364c25d48f9ddd6e8a8b171dc6614d190928","poh.eth",4
"80","0x9d640e1b87a6eb0a75ea7eb634b6086d9a50c69ab447868a89862c63e834a1e0","0xC6510245a3d961746DB4883916d2D600e19f4ff3",1,1651290394,1,"0xa723831cfd3f78a3bcda26732955364c25d48f9ddd6e8a8b171dc6614d190928","poh.eth",6
"81","0xdc457acbe5d04b0850a845a63e118aa78f3c9512967f4cbea55887e6b4b00224","0x95F50Cf888dFeC90321dC376c1E695F15B081595",1,1651283992,1,"0xa723831cfd3f78a3bcda26732955364c25d48f9ddd6e8a8b171dc6614d190928","poh.eth",5
"82","0x88564a602175810dec930f1727d666c564992ff9a8673498046be3f8e9720288","0x504E7620069a0a8354434dED3150ed7E2ECF5153",3,1651280936,1,"0xa723831cfd3f78a3bcda26732955364c25d48f9ddd6e8a8b171dc6614d190928","poh.eth",5
"83","0xa11cef424de8bd44efcbf45b93bb72a3e098bed69d28426e69d1a3fde6b8a9f0","0xa93159AC7fD211361b7e036199Cfe7f6625C35f8",1,1651277180,1,"0xa723831cfd3f78a3bcda26732955364c25d48f9ddd6e8a8b171dc6614d190928","poh.eth",4
"84","0xb3821711ff8035cf07987a89cfbfac4d4fee195070e835c2db3f85f8a16ca39d","0x68c0dd2b5A5df00Bca4f7df8CA9b1425Fe817728",1,1651277139,1,"0xa723831cfd3f78a3bcda26732955364c25d48f9ddd6e8a8b171dc6614d190928","poh.eth",4
"85","0xe944906325527b6467bd2e0f6bfb989506e424388d022cc57f26f766d35583c7","0x3c13f2B56AF614aC6381265EcB3B619bA26CC641",2,1651274854,1,"0xa723831cfd3f78a3bcda26732955364c25d48f9ddd6e8a8b171dc6614d190928","poh.eth",6
"86","QmXSqEuEp3dbfz5qb4DYickcMXofZKdkKnpLRyGbqDKje8","0xf2067CCD06fDdf3DD90d3a850244434214C6143D",1,1651273356,2,"0xa723831cfd3f78a3bcda26732955364c25d48f9ddd6e8a8b171dc6614d190928","poh.eth",7
"87","QmdK1HbZAZQzDDNL5UGGQQFNLucuFaAcRkNdRS1iPSkgqe","0x4074D0b0519610bb675e7d74B4171039d230F451",1,1651263565,2,"0xa723831cfd3f78a3bcda26732955364c25d48f9ddd6e8a8b171dc6614d190928","poh.eth",6
"88","0x6a19fb9afd725ff83f16f0883c14cc3456db2206423a716dd3d9133fdda26128","0xC88920b0e3DAab93e9b539a21764A2F50682c2Ec",1,1651261500,1,"0xa723831cfd3f78a3bcda26732955364c25d48f9ddd6e8a8b171dc6614d190928","poh.eth",6
"89","0x1261afa973b60573e8f97db338e789b205e5803b8384c76221f61fc0138d4917","0xf28AB805D6Edee246443AC25E3C4aA4A2B56c586",1,1651260848,1,"0xa723831cfd3f78a3bcda26732955364c25d48f9ddd6e8a8b171dc6614d190928","poh.eth",5
"90","0x09384aaf7edc054e4aaf0c98a6470323fc9036204f81e03ef43ca966ca837f61","0x58805f572924b83b8c224184d2Cf60ad3302DBDF",19,1651260775,2,"0xa723831cfd3f78a3bcda26732955364c25d48f9ddd6e8a8b171dc6614d190928","poh.eth",5
"91","0x4e91a797f49940e1929540af0789def9c5274ba6399e310f0d215273320763fd","0x749A37e63d4B4FB8CA8a07a9C168eB55207c1d79",1,1651260004,1,"0xa723831cfd3f78a3bcda26732955364c25d48f9ddd6e8a8b171dc6614d190928","poh.eth",5
"92","QmW4DRMwXPYiFUaR8ATEV6TKxhDYCNSAvbZDqZVHzgy1et","0xDd5AA88aD0b7E1fb429CE7419C37ca178c6D77aC",2,1651259085,1,"0xa723831cfd3f78a3bcda26732955364c25d48f9ddd6e8a8b171dc6614d190928","poh.eth",6
"93","0x62ed0518a2107ca32418fc3f92a86383073a94d42d4bf2a61e72dc79efc852eb","0x5700F03F87db485fdb90e18b3100F00b235886f1",1,1651258928,2,"0xa723831cfd3f78a3bcda26732955364c25d48f9ddd6e8a8b171dc6614d190928","poh.eth",4
"94","0xe380ecdb96c9e708165f41edce7d37eaf8c31cac4aeaef99a82b70273ab8606e","0x6986E8C8Da33753443959690c240B03931Bd1Edc",23,1651258806,1,"0xa723831cfd3f78a3bcda26732955364c25d48f9ddd6e8a8b171dc6614d190928","poh.eth",6
"95","0x7c9847c8c39fefe666869e973984fdd457718b7e7a772b64c14a358c30babb10","0xAEEB3B86314009F5eE315c49414646a1f5709d1C",1,1651257299,1,"0xa723831cfd3f78a3bcda26732955364c25d48f9ddd6e8a8b171dc6614d190928","poh.eth",6
"96","0x33ab0ebdc8de9a63ac1c6f660c4d2a75caed8854c08bcd397e261f0e58e7b821","0xAE1Bd12B418C79D565E1A41c77DD6F9C482C829e",1,1651251097,1,"0xa723831cfd3f78a3bcda26732955364c25d48f9ddd6e8a8b171dc6614d190928","poh.eth",4
"97","0xea46f8d4647a708e8f6791cc971a6d5ae625d0ea8e283ad7140ac5c3c21d7a4b","0x2c16E45e694E3ef37feb3db1851FBE146e677420",1,1651250669,1,"0xa723831cfd3f78a3bcda26732955364c25d48f9ddd6e8a8b171dc6614d190928","poh.eth",5
"98","QmbA6sdTs2UtkuZmCsJS8aBbNYkz6h8QGy8kewLqFbwuvs","0x8BF7Cd4aE85F765a06006802e21bbCC968f45421",1,1651244628,1,"0xa723831cfd3f78a3bcda26732955364c25d48f9ddd6e8a8b171dc6614d190928","poh.eth",4
"99","0xdfdfd59b6738afdd131640cbefb35df29848075e436ab0676041b35fa0eb9253","0x0B4C4d870827f00d9081e6b9aF67d912Ab178002",1,1651242535,1,"0xa723831cfd3f78a3bcda26732955364c25d48f9ddd6e8a8b171dc6614d190928","poh.eth",7
"100","0xe0116150afbb743ea5d373ef16a8cf03e193d1b7526fbc998821b8cbab252924","0x42620F1be1e807712Af90F35E759517bD5B12291",1,1651242217,1,"0xa723831cfd3f78a3bcda26732955364c25d48f9ddd6e8a8b171dc6614d190928","poh.eth",5
"101","0x5976c3fdcf1bca4687592d90b4fa2c810529dae605f7f98c128d379773fb983c","0xA770d7d1E99d1e4510aFFc670BC983fbcDC819F5",1,1651242212,1,"0xa723831cfd3f78a3bcda26732955364c25d48f9ddd6e8a8b171dc6614d190928","poh.eth",5
"102","0x080bfc57fd2e13f3155650d7548e6aa12fdec1ab1199b1dab5d8b621f8dbf7d4","0x4Ca2a670bd5505B870B21331a53D9bB4AE6e2084",1,1651241162,1,"0xa723831cfd3f78a3bcda26732955364c25d48f9ddd6e8a8b171dc6614d190928","poh.eth",7
"103","0xe9e42264ac9a6cce5f5b995f09d1c93a2a9891162eb83319722e297164ac7b76","0x5388C7C6fD1bF4741dEB4ad08b76775a686CB276",1,1651240608,1,"0xa723831cfd3f78a3bcda26732955364c25d48f9ddd6e8a8b171dc6614d190928","poh.eth",4
"104","0xbb47d01a98b93d6beb5d9601acf7fca63739859c8b72ffc415c8c452de1d60b9","0x2ad91063e489CC4009DF7feE45C25c8BE684Cf6a",3,1651240293,1,"0xa723831cfd3f78a3bcda26732955364c25d48f9ddd6e8a8b171dc6614d190928","poh.eth",4
"105","0x1447219f486b46eaa8d575282e94689cbae5a2a1decafb9dd101a8cef0187923","0xe81F882F114255c04044C6A2534d7887f981b14B",1,1651239477,2,"0xa723831cfd3f78a3bcda26732955364c25d48f9ddd6e8a8b171dc6614d190928","poh.eth",6
"106","0x5fc78362440fd31bcbd17b29ab5f781377ab9a6548d7174e8c350bd395dbc2c0","0x2A52309eDF998799C4A8b89324CCAd91848c8676",51,1651239407,1,"0xa723831cfd3f78a3bcda26732955364c25d48f9ddd6e8a8b171dc6614d190928","poh.eth",6
"107","0xbc22110e5a6b757ac846771d0b7fc19b5c2177ba45bdadd6f89b97c510bc8442","0x1f8a9C9CF8e85A5ae5372005D006Bf535D0Ec8f6",1,1651239166,1,"0xa723831cfd3f78a3bcda26732955364c25d48f9ddd6e8a8b171dc6614d190928","poh.eth",4
"108","0x9f6c576d4b69166a4ffc6c775404f4cbafb4571e10f18c439fa155b5388acb8b","0x26ADb3161aAb47747Bfa9B76c09F30f151A6898b",1,1651239157,1,"0xa723831cfd3f78a3bcda26732955364c25d48f9ddd6e8a8b171dc6614d190928","poh.eth",4
"109","0x60a2e24124051bad68d177c910395cefb630058385b5f34d2ff6dada631b04a6","0xC61b22c563e2b6307725eE0551B25fEfEc99A4B8",1,1651239147,1,"0xa723831cfd3f78a3bcda26732955364c25d48f9ddd6e8a8b171dc6614d190928","poh.eth",4
"110","0xa2fa4296070e85900436ae4dbdafa03b5808d447842b8aef5a9649e4c573d2f1","0x17a91203A9E9C3519c2F76210497eF7F4BE2352F",4,1651239123,1,"0xa723831cfd3f78a3bcda26732955364c25d48f9ddd6e8a8b171dc6614d190928","poh.eth",6
"111","0xdba376a8cfd512c1d10b3ec8dd36fc7859fce8df11efdf92715b715ea21e994d","0x0B4C4d870827f00d9081e6b9aF67d912Ab178002",1,1651242516,1,"0x822593d9a4bb77bd975794d7682c9b2c17ba956747f2a74cd5e2e7fcab03ab6f","poh.eth",7
"112","0x313e639c5218082b7360d674b5f767a5a0dfb3f6c28f40475c1fccf3f1fbe489","0xA770d7d1E99d1e4510aFFc670BC983fbcDC819F5",1,1651242274,1,"0x822593d9a4bb77bd975794d7682c9b2c17ba956747f2a74cd5e2e7fcab03ab6f","poh.eth",5
"113","0x6bcf0f6444489ebb253235f0f246d610c6e863b6947f922fd01044220a81443c","0x2ad91063e489CC4009DF7feE45C25c8BE684Cf6a",2,1651240320,1,"0x822593d9a4bb77bd975794d7682c9b2c17ba956747f2a74cd5e2e7fcab03ab6f","poh.eth",4
"114","0x8abada9afdff19e9d0048ca54b5b4a0a09ecb29e314b36f7a9cd50dd03f5cfe1","0x8EE8fd1B19Fb7ceB4A640807B7a9327F55FD658E",1,1651239086,1,"0x822593d9a4bb77bd975794d7682c9b2c17ba956747f2a74cd5e2e7fcab03ab6f","poh.eth",5
"115","0x97a034bc86de9505890c67f587248546dbf057dc17642bb9b94adddd216bca69","0x5B99Fe4D171C766fdcC8Cf06Cb3B96Aa51Ea690C",1,1651222106,1,"0x822593d9a4bb77bd975794d7682c9b2c17ba956747f2a74cd5e2e7fcab03ab6f","poh.eth",6
"116","0x56569f042fbdf0fa538cb25a937aac9b3b4896bf29d48b400a6511b924391ad0","0x5700F03F87db485fdb90e18b3100F00b235886f1",1,1651166441,2,"0x822593d9a4bb77bd975794d7682c9b2c17ba956747f2a74cd5e2e7fcab03ab6f","poh.eth",4
"117","QmZ5BA2WhCj7hK8nyQVDc8MR41c7B1jWScwYQ2QnrMPKf2","0xBd48b22039146ccd80c96D516cA5FE61f4133b4E",1,1651166189,1,"0x822593d9a4bb77bd975794d7682c9b2c17ba956747f2a74cd5e2e7fcab03ab6f","poh.eth",4
"118","0x690a8163f4ed6f090c94a66d182759d60315b2b9e28138f4ee544fe817717d4b","0x2c16E45e694E3ef37feb3db1851FBE146e677420",1,1651166065,1,"0x822593d9a4bb77bd975794d7682c9b2c17ba956747f2a74cd5e2e7fcab03ab6f","poh.eth",5
"119","0x0c93a61bd4a4a0faba31b431b0207eee7f65867b823bfbf89d6e3362c4a44a5f","0x68e858455EF7cab11152D1AFaBC5c106b690b014",1,1651143031,1,"0x822593d9a4bb77bd975794d7682c9b2c17ba956747f2a74cd5e2e7fcab03ab6f","poh.eth",4
"120","0x692525696b85595b2991bc87fccee3c499687499d50fb3e85181a58e14293b26","0xB89B619e3F6C35019D4Be83E92e99e809AF8ECb3",1,1651142926,1,"0x822593d9a4bb77bd975794d7682c9b2c17ba956747f2a74cd5e2e7fcab03ab6f","poh.eth",4
"121","0x82db3c0def2d7969eaaa9635880a6d7021e7b553d60dc69a0785b9be8b21d5ba","0xaBfd1fffFD163A449B3119D1B9BbeFBcaE04Ba27",1,1651142826,1,"0x822593d9a4bb77bd975794d7682c9b2c17ba956747f2a74cd5e2e7fcab03ab6f","poh.eth",4
"122","0x7cdabce78018d2ec57b4c3d0ab95f276f229e12021e333a363151dd7643aaecb","0x45452D8508356dC9619F23Eab6932B4Aab1946E6",1,1651142686,1,"0x822593d9a4bb77bd975794d7682c9b2c17ba956747f2a74cd5e2e7fcab03ab6f","poh.eth",4
"123","0x18d197af3575ab077ffd3d0736e731915bc0bab918d5390b44ed86d5c037482d","0xe724C1D534284f2837F3ab310eF8329BBD7c045E",1,1651140708,2,"0x822593d9a4bb77bd975794d7682c9b2c17ba956747f2a74cd5e2e7fcab03ab6f","poh.eth",7
"124","0xa0f03197645a5486ff70f852a5c9db48374dd0a3083836c4d3fab198b405f24b","0x3C6Fe781B36cb2C89e1C355572e21022f6B65372",1,1651136409,1,"0x822593d9a4bb77bd975794d7682c9b2c17ba956747f2a74cd5e2e7fcab03ab6f","poh.eth",6
"125","0xc9d0b170658e0de83e679200cb9e6991d38a80728f4b9bd93b93543614660241","0xA72ef9BB82d59464eAA63f461C273f8028b20f5c",13,1651105616,2,"0x822593d9a4bb77bd975794d7682c9b2c17ba956747f2a74cd5e2e7fcab03ab6f","poh.eth",6
"126","0x54aaeb9d8a345880daab5edf7daa53658100f99de869ad80793c67b7af068e52","0x42620F1be1e807712Af90F35E759517bD5B12291",1,1651089572,2,"0x822593d9a4bb77bd975794d7682c9b2c17ba956747f2a74cd5e2e7fcab03ab6f","poh.eth",5
"127","0xed00c4a0791d8310839ed5c6945ae76bf240f319d6835143265700b19ed0744d","0x749A37e63d4B4FB8CA8a07a9C168eB55207c1d79",1,1651083243,1,"0x822593d9a4bb77bd975794d7682c9b2c17ba956747f2a74cd5e2e7fcab03ab6f","poh.eth",5
"128","0x1d864294506a180c434d2995e4424cbb63b8802fa1e345063ec2684f8b4a8c6e","0xC88920b0e3DAab93e9b539a21764A2F50682c2Ec",1,1651009165,1,"0x822593d9a4bb77bd975794d7682c9b2c17ba956747f2a74cd5e2e7fcab03ab6f","poh.eth",6
"129","0x28ffa2dea17841ac26f5dcdbc965d845485a99d2ad8260642a5a6ffe6b1a2642","0x05f472D895F66c6BFd2EfAd2b622554D4a409C29",1,1651007655,1,"0x822593d9a4bb77bd975794d7682c9b2c17ba956747f2a74cd5e2e7fcab03ab6f","poh.eth",4
"130","0x3da680c22a126b734ea498bd8dc88fc7194df9f2abd4a2929ad3188abca2615a","0x82914fa00a71d80d46090e1414720275FcdE6836",1,1651000907,2,"0x822593d9a4bb77bd975794d7682c9b2c17ba956747f2a74cd5e2e7fcab03ab6f","poh.eth",5
"131","0xb699e84c4c1aeb45728c0a78f0c6757db75b86f176f52e74046779b080a8f201","0x0D70cbb4598A1ba7C21225C280a54C9fE9295802",1,1650996327,1,"0x822593d9a4bb77bd975794d7682c9b2c17ba956747f2a74cd5e2e7fcab03ab6f","poh.eth",4
"132","0xa306d3795d5bc0b6215cc3115e87c03dd276b5276b899849378f4e83ac8cf4f3","0xC6510245a3d961746DB4883916d2D600e19f4ff3",1,1650996313,1,"0x822593d9a4bb77bd975794d7682c9b2c17ba956747f2a74cd5e2e7fcab03ab6f","poh.eth",6
"133","0x1144ddc52856aa7de64827ce60aa6c726389820a79e3598a4778f23d413d3cd7","0x4A5040B6d75AFD80e51f4d7175de4Ff384A4ECB7",1,1650985735,1,"0x822593d9a4bb77bd975794d7682c9b2c17ba956747f2a74cd5e2e7fcab03ab6f","poh.eth",5
"134","0xc6e56f69f63886ca2892a10fdfed0b74b62180a8cae1847f1d506e5c2b77224e","0xDd5AA88aD0b7E1fb429CE7419C37ca178c6D77aC",2,1650982327,2,"0x822593d9a4bb77bd975794d7682c9b2c17ba956747f2a74cd5e2e7fcab03ab6f","poh.eth",6
"135","0x337dcdb43a08d6251509e953076f3da228979de39368845aeb6cb539223067c3","0x7632F73359e198D0E9aF613a8043dc1125890e7d",1,1650974873,1,"0x822593d9a4bb77bd975794d7682c9b2c17ba956747f2a74cd5e2e7fcab03ab6f","poh.eth",4
"136","0xaf980b9523bda02e908a9b5c09509666f7fce621a6c780b85597c79817ccd3c0","0x3F40D51550db46321B96229E321fAB3cA233FCCc",1,1650939315,1,"0x822593d9a4bb77bd975794d7682c9b2c17ba956747f2a74cd5e2e7fcab03ab6f","poh.eth",4
"137","0x5518810b6b36d78fddee0e05c06ef8c4d5ce278388cacb51e0a445092726c67a","0x95F50Cf888dFeC90321dC376c1E695F15B081595",1,1650939278,1,"0x822593d9a4bb77bd975794d7682c9b2c17ba956747f2a74cd5e2e7fcab03ab6f","poh.eth",5
"138","0x76e5428df3f2a64a605ddf9ef123eba12995636f3ac4d19e78c5393ed0bb660f","0x441e1e47a6Fa2DBfD3cd9b54291E9AB3a58D7975",1,1650928931,1,"0x822593d9a4bb77bd975794d7682c9b2c17ba956747f2a74cd5e2e7fcab03ab6f","poh.eth",4
"139","0x99028ac3889ca3aafc31d0185ae811af74888d0685e6ceac2a71cb608e817eb9","0x4Ca2a670bd5505B870B21331a53D9bB4AE6e2084",1,1650912342,1,"0x822593d9a4bb77bd975794d7682c9b2c17ba956747f2a74cd5e2e7fcab03ab6f","poh.eth",7
"140","0x67e5135d9cc1916efc66cefc261c6b863cbef7e9dd7afff395885a19fb2d4bdd","0x6986E8C8Da33753443959690c240B03931Bd1Edc",22,1650911281,1,"0x822593d9a4bb77bd975794d7682c9b2c17ba956747f2a74cd5e2e7fcab03ab6f","poh.eth",6
"141","0x3d3ec437b52743877c2589bfacbc53d4a56ca70224e9b363138ef9774fcaade2","0x2A52309eDF998799C4A8b89324CCAd91848c8676",51,1650909570,1,"0x822593d9a4bb77bd975794d7682c9b2c17ba956747f2a74cd5e2e7fcab03ab6f","poh.eth",6
"142","0xea14d23cc851e8866d244557191c3e68c64a9206a6f14578f11dd91cd0c7df2c","0xf28AB805D6Edee246443AC25E3C4aA4A2B56c586",1,1650904968,1,"0x822593d9a4bb77bd975794d7682c9b2c17ba956747f2a74cd5e2e7fcab03ab6f","poh.eth",5
"143","0xa2b9edc63ef40e88787d0c99342b75ac4de85e565598c6779098999211827d45","0xe81F882F114255c04044C6A2534d7887f981b14B",1,1650903280,2,"0x822593d9a4bb77bd975794d7682c9b2c17ba956747f2a74cd5e2e7fcab03ab6f","poh.eth",6
"144","0x723f165b716a870837a76576de246fe9015c0f086629bb6d9a69c8d996d1b44f","0x14D92832265eeAFDEF9e526356FEfc90105966c3",1,1650844882,2,"0x822593d9a4bb77bd975794d7682c9b2c17ba956747f2a74cd5e2e7fcab03ab6f","poh.eth",4
"145","0xf3e2003e5be227d3f79ae7c66eae4755d5a54dc4d807ef3ff8eb655d198b34c9","0x58805f572924b83b8c224184d2Cf60ad3302DBDF",19,1650804141,2,"0x822593d9a4bb77bd975794d7682c9b2c17ba956747f2a74cd5e2e7fcab03ab6f","poh.eth",5
"146","0x5ffac791652a35712ef4cc8add0ee022c37b8833e436b4b91807998fa02c6923","0xa93159AC7fD211361b7e036199Cfe7f6625C35f8",1,1650772866,2,"0x822593d9a4bb77bd975794d7682c9b2c17ba956747f2a74cd5e2e7fcab03ab6f","poh.eth",4
"147","0x7a33121fa6e7872f9e21df0b2413d3092a641afd267987360234eaea9f4e9e1b","0x68c0dd2b5A5df00Bca4f7df8CA9b1425Fe817728",1,1650772829,2,"0x822593d9a4bb77bd975794d7682c9b2c17ba956747f2a74cd5e2e7fcab03ab6f","poh.eth",4
"148","0x940dcc51637385cca6c7fc6e239e2aa3b5217cb0e48fb5d0efea2bc9e780b4f9","0x521aacB43d89E1b8FFD64d9eF76B0a1074dEdaF8",1,1650754944,2,"0x822593d9a4bb77bd975794d7682c9b2c17ba956747f2a74cd5e2e7fcab03ab6f","poh.eth",4
"149","QmS8P4QrJXjjv8BFnmEDpFX6nfJkQs7ADGNZpjCRhQxDSq","0x3c13f2B56AF614aC6381265EcB3B619bA26CC641",2,1650744875,1,"0x822593d9a4bb77bd975794d7682c9b2c17ba956747f2a74cd5e2e7fcab03ab6f","poh.eth",6
"150","QmfQaKHmg5oe7S4skXHN2Ch6KVpyQjdRBWyojnmuhWwzvv","0x4074D0b0519610bb675e7d74B4171039d230F451",1,1650744620,2,"0x822593d9a4bb77bd975794d7682c9b2c17ba956747f2a74cd5e2e7fcab03ab6f","poh.eth",6
"151","0x25b508444251fa48fb2c37855a9627f0221af2c1a94253de736b4efcd98b5c4a","0xaF323A35075A7cF7Da7c6b4Db4B5082F7b995ee3",1,1650735238,2,"0x822593d9a4bb77bd975794d7682c9b2c17ba956747f2a74cd5e2e7fcab03ab6f","poh.eth",6
"152","0xbd8a148fd2f5af9061922c0c0f0e18d51e3be1c7a8cc13b27d5b8653aa4265cd","0x29E9e608aC6C7FEEee8126F1629640e7b2b31Bfd",1,1650718931,1,"0x822593d9a4bb77bd975794d7682c9b2c17ba956747f2a74cd5e2e7fcab03ab6f","poh.eth",4
"153","0x3209e89feb36c1342fe0a36b33a9b3837aaef54175c2df96c86ba502ec34155d","0x5eb68ef3EcF34Ae424442e4bfb4Da200a1b38Bc0",1,1650711013,2,"0x822593d9a4bb77bd975794d7682c9b2c17ba956747f2a74cd5e2e7fcab03ab6f","poh.eth",7
"154","0xdcffdb2779bf681f94d5f4bbb2f067c0271c067d245cdec379d076452500fef9","0xce6364C714bfDF453f01b0A5E6EBA500392976fF",1,1650696933,1,"0x822593d9a4bb77bd975794d7682c9b2c17ba956747f2a74cd5e2e7fcab03ab6f","poh.eth",4
"155","0x804877fa17e71a76773a1af72ceedbb3444aec58987f66f792249135e8b423db","0xc24Fe6f2bae027aeee47390be73D121f18F51bdB",1,1650683470,1,"0x822593d9a4bb77bd975794d7682c9b2c17ba956747f2a74cd5e2e7fcab03ab6f","poh.eth",6
"156","0xb24c9353bf6a262187cfb7013b2dcc55df66d8c9137084fafa134f03ef373889","0x7BBbDD9bC719b6A7bB6Cd0C912bf35a14d05C21D",1,1650659607,2,"0x822593d9a4bb77bd975794d7682c9b2c17ba956747f2a74cd5e2e7fcab03ab6f","poh.eth",4
"157","0xd8f8f3fca0e3344c6f7ec8cdd9f478ab7fc303754bcf5ee0df3353b68b6870f9","0xAEEB3B86314009F5eE315c49414646a1f5709d1C",1,1650658995,2,"0x822593d9a4bb77bd975794d7682c9b2c17ba956747f2a74cd5e2e7fcab03ab6f","poh.eth",6
"158","QmZorcXFt59GRLNxD6LiJZw1uPaMJXjYni5jHfkZPMSNJi","0x8BF7Cd4aE85F765a06006802e21bbCC968f45421",1,1650650377,2,"0x822593d9a4bb77bd975794d7682c9b2c17ba956747f2a74cd5e2e7fcab03ab6f","poh.eth",4
"159","0xc1c1da96491a8fbab72849a3dee8a46c4e1231ffbad20213092e19d12c977ca6","0xAE1Bd12B418C79D565E1A41c77DD6F9C482C829e",1,1650646124,2,"0x822593d9a4bb77bd975794d7682c9b2c17ba956747f2a74cd5e2e7fcab03ab6f","poh.eth",4
"160","0x7f70170d6f6f993d39e18ce625b4a3e75aba61245fb63f6d04b37cae37a55fdb","0xb39D022eDF05C31e1981f4F4D8137dDa9C57CFaE",1,1650644406,1,"0x822593d9a4bb77bd975794d7682c9b2c17ba956747f2a74cd5e2e7fcab03ab6f","poh.eth",4
"161","0x3db20da0b7f32a561c3798e98a6795a7e333220990c45903e2913dca559a276c","0x2Dc84A71e20D8CF8556E0c69925d62F3D60169bc",1,1650641255,2,"0x822593d9a4bb77bd975794d7682c9b2c17ba956747f2a74cd5e2e7fcab03ab6f","poh.eth",7
"162","0xc7b0b307bd704f9098999b60638e7380a1091a19afb1a79c6ab7731274952a4b","0xf2067CCD06fDdf3DD90d3a850244434214C6143D",1,1650640278,1,"0x822593d9a4bb77bd975794d7682c9b2c17ba956747f2a74cd5e2e7fcab03ab6f","poh.eth",7
"163","0x935a6df4ec46be458008294271ca78af38d0a15ac44235282061633252e8b017","0x5759252489D5Ab3A1Bb7b120133b7D6C73b21B73",1,1650640205,1,"0x822593d9a4bb77bd975794d7682c9b2c17ba956747f2a74cd5e2e7fcab03ab6f","poh.eth",5
"164","0xab54310d885f0ab9c93ba415c99e8193ff73baa0267b314c18c5126ae6c92587","0x5388C7C6fD1bF4741dEB4ad08b76775a686CB276",1,1650640204,1,"0x822593d9a4bb77bd975794d7682c9b2c17ba956747f2a74cd5e2e7fcab03ab6f","poh.eth",4
"165","0x5b8e009dba7125337502bf646072897f8545ba9ef4affdfe9b78069708723779","0x1f8a9C9CF8e85A5ae5372005D006Bf535D0Ec8f6",1,1650639722,1,"0x822593d9a4bb77bd975794d7682c9b2c17ba956747f2a74cd5e2e7fcab03ab6f","poh.eth",4
"166","0xff7c31c6b2a7b0c9af15fc69251ba8b8fcf50e9480da5d03b85228ee4f0c2345","0x26ADb3161aAb47747Bfa9B76c09F30f151A6898b",1,1650639705,1,"0x822593d9a4bb77bd975794d7682c9b2c17ba956747f2a74cd5e2e7fcab03ab6f","poh.eth",4
"167","0x16b64047e50fa970b1b64b845993797d7d04d75112935822da0923c06b967fc4","0xC61b22c563e2b6307725eE0551B25fEfEc99A4B8",1,1650639693,1,"0x822593d9a4bb77bd975794d7682c9b2c17ba956747f2a74cd5e2e7fcab03ab6f","poh.eth",4
"168","0xa8b97917f38c7f4a9761bd54ef4920603433ef0b433bd66758c87d62a525de27","0x17a91203A9E9C3519c2F76210497eF7F4BE2352F",4,1650639677,1,"0x822593d9a4bb77bd975794d7682c9b2c17ba956747f2a74cd5e2e7fcab03ab6f","poh.eth",6
"169","0x376bf079f7106047d530fb5143af917cdb8c1e14c26b44c27409493ae6af165d","0x5388C7C6fD1bF4741dEB4ad08b76775a686CB276",1,1649893888,1,"0x6a37ad2236de07908d4cdc912788f40bc1db9fcba6b03062f73119959e3338ad","poh.eth",4
"170","0x42020ef87ead5fe26fbcf52cb55c1297ed1392b48349985cb38bee30b9550160","0xf2067CCD06fDdf3DD90d3a850244434214C6143D",1,1649891668,1,"0x6a37ad2236de07908d4cdc912788f40bc1db9fcba6b03062f73119959e3338ad","poh.eth",7
"171","0xa346ae90ad7014f15ca8501ec62d4fbfcdbb1acb305b272a683348e30a71e6d5","0xe81F882F114255c04044C6A2534d7887f981b14B",1,1649856406,1,"0x6a37ad2236de07908d4cdc912788f40bc1db9fcba6b03062f73119959e3338ad","poh.eth",6
"172","0xc053eafb744b869ccf2118f77195b6d488d87c549624f7834fc09be92ed45de9","0x9d9E26932d012b2Ab21B974fE1552F4025b1e1Cc",1,1649854806,1,"0x6a37ad2236de07908d4cdc912788f40bc1db9fcba6b03062f73119959e3338ad","poh.eth",4
"173","0x9c5dc170eeff1979fcf8939b2867fb7683cb1c4070d2005e98bff3df2bcd25d1","0xf28AB805D6Edee246443AC25E3C4aA4A2B56c586",1,1649796010,1,"0x6a37ad2236de07908d4cdc912788f40bc1db9fcba6b03062f73119959e3338ad","poh.eth",5
"174","0x92cd2a39754f5ab7d09b272d8bb81655abcaaa5952b667eca431b9f1fce57df9","0x8EE8fd1B19Fb7ceB4A640807B7a9327F55FD658E",1,1649772220,1,"0x6a37ad2236de07908d4cdc912788f40bc1db9fcba6b03062f73119959e3338ad","poh.eth",5
"175","0xde24bbe988aa250940eb7259dea058c0c55e7676b22d6dfac31df81423292231","0x2Dc84A71e20D8CF8556E0c69925d62F3D60169bc",1,1649705910,1,"0x6a37ad2236de07908d4cdc912788f40bc1db9fcba6b03062f73119959e3338ad","poh.eth",7
"176","0x4ac36288151f391880114fde07a0ccb27d9caa553323cc91a17a83b6b5f75f44","0x2ad91063e489CC4009DF7feE45C25c8BE684Cf6a",2,1649704855,1,"0x6a37ad2236de07908d4cdc912788f40bc1db9fcba6b03062f73119959e3338ad","poh.eth",4
"177","0x8e499c45436669257a095f01710f359d5d4fdb5fa3f2d7c7aed2bc6da25bc1e9","0xC97C5931C53223B434b64B44d03f4d5B404126b1",1,1649627588,1,"0x6a37ad2236de07908d4cdc912788f40bc1db9fcba6b03062f73119959e3338ad","poh.eth",4
"178","0xfadd68567d4eae872264db9e718cf2da083dc10fe5d0e01e5bec442ee186e1d5","0x816384B4E6644f3A1Cb683E1CB83409A464532eA",1,1649606370,1,"0x6a37ad2236de07908d4cdc912788f40bc1db9fcba6b03062f73119959e3338ad","poh.eth",6
"179","0x7f7442168a1cbd9672fd3d7bcf824c3b79a7f8a68ba2b939217605d5c2582ea9","0xe724C1D534284f2837F3ab310eF8329BBD7c045E",1,1649587922,1,"0x6a37ad2236de07908d4cdc912788f40bc1db9fcba6b03062f73119959e3338ad","poh.eth",7
"180","0x5199025f3da9e2fb6076fbace59b28c1b49cae6dbb1beae652ff4745c3513fca","0xce6364C714bfDF453f01b0A5E6EBA500392976fF",1,1649570674,1,"0x6a37ad2236de07908d4cdc912788f40bc1db9fcba6b03062f73119959e3338ad","poh.eth",4
"181","0xf2575572132b6c9a8f38a3a8f1ec36797d6d4160354109b4bd2a218546132997","0x14D92832265eeAFDEF9e526356FEfc90105966c3",1,1649519150,1,"0x6a37ad2236de07908d4cdc912788f40bc1db9fcba6b03062f73119959e3338ad","poh.eth",4
"182","QmaCrvKFfkFYipcyJpJ8nbK2JLexBhuqwNQjGpyHUiUHNs","0xAE1Bd12B418C79D565E1A41c77DD6F9C482C829e",1,1649504158,1,"0x6a37ad2236de07908d4cdc912788f40bc1db9fcba6b03062f73119959e3338ad","poh.eth",4
"183","0x65e4db1aab529f5c7c4dbb55b58f2247f9d98b3ffc87bdebcd315823ad507ef8","0x95F50Cf888dFeC90321dC376c1E695F15B081595",1,1649500886,1,"0x6a37ad2236de07908d4cdc912788f40bc1db9fcba6b03062f73119959e3338ad","poh.eth",5
"184","0x37b4350dd01d808000b67917f4c2c76249c7e876a6e2d342932e3a46b9ebb648","0x68e858455EF7cab11152D1AFaBC5c106b690b014",1,1649482296,1,"0x6a37ad2236de07908d4cdc912788f40bc1db9fcba6b03062f73119959e3338ad","poh.eth",4
"185","0x2bbf6aafe2ec120d0eee11a2761936989b381911d130a28886ddd8f454d7d3cd","0xaBfd1fffFD163A449B3119D1B9BbeFBcaE04Ba27",1,1649482099,1,"0x6a37ad2236de07908d4cdc912788f40bc1db9fcba6b03062f73119959e3338ad","poh.eth",4
"186","0xd1bae61211fa4214a82c637194140c27d9083b3eab783cbd30a5ad37fbed869b","0xB89B619e3F6C35019D4Be83E92e99e809AF8ECb3",1,1649482034,1,"0x6a37ad2236de07908d4cdc912788f40bc1db9fcba6b03062f73119959e3338ad","poh.eth",4
"187","0xf5b2ca29713adcfe0b6ba431ff9114c2c30fb7ea008a988fbead6798fa1b88bf","0x45452D8508356dC9619F23Eab6932B4Aab1946E6",1,1649481496,1,"0x6a37ad2236de07908d4cdc912788f40bc1db9fcba6b03062f73119959e3338ad","poh.eth",4
"188","0xf6134bd3270dffeb5c00bd5bc6364e5b77ce2190a78346a4b4ec3aa05c70ee5b","0xDd5AA88aD0b7E1fb429CE7419C37ca178c6D77aC",2,1649450694,1,"0x6a37ad2236de07908d4cdc912788f40bc1db9fcba6b03062f73119959e3338ad","poh.eth",6
"189","0x5482140fccd65dd57d1a7cf9bd3a66fe35562fedc9721ab431052589f73b2a04","0x749A37e63d4B4FB8CA8a07a9C168eB55207c1d79",1,1649440578,1,"0x6a37ad2236de07908d4cdc912788f40bc1db9fcba6b03062f73119959e3338ad","poh.eth",5
"190","0x9509483c41420859bcc64833c394856cb057802f7f883212eb18bc1bf7c1ba03","0x42620F1be1e807712Af90F35E759517bD5B12291",1,1649431903,1,"0x6a37ad2236de07908d4cdc912788f40bc1db9fcba6b03062f73119959e3338ad","poh.eth",5
"191","0x55b69ad8390675a4d7b50a73870f37f618db176a961b75020c22555abb1be26a","0x5eb68ef3EcF34Ae424442e4bfb4Da200a1b38Bc0",1,1649426739,1,"0x6a37ad2236de07908d4cdc912788f40bc1db9fcba6b03062f73119959e3338ad","poh.eth",7
"192","0x6c1e09525a240ab0f51c80899c60fd03694da8d1d5b3ec4f4234ef736026458d","0xa697c106f153ba7Fa3801bA2afd6273559c7b105",1,1649418305,1,"0x6a37ad2236de07908d4cdc912788f40bc1db9fcba6b03062f73119959e3338ad","poh.eth",4
"193","0x33accadf8241d93e407846d969a2222d0b7a26d99b3c0d2dfe9f8cc687ff50ec","0xAc2410433E83D028EE61d862448c6d81701c3c85",1,1649418155,1,"0x6a37ad2236de07908d4cdc912788f40bc1db9fcba6b03062f73119959e3338ad","poh.eth",4
"194","0x689d557e4c1fc8681b7e336a43a2ad07576a4011864b4485c10d50e3d23b1a5b","0x2A52309eDF998799C4A8b89324CCAd91848c8676",51,1649409874,1,"0x6a37ad2236de07908d4cdc912788f40bc1db9fcba6b03062f73119959e3338ad","poh.eth",6
"195","0x9bb0702795fdb0bad1c3c9f4b7b88cddeb67cb403dfd813235344fa1596c8725","0x3C6Fe781B36cb2C89e1C355572e21022f6B65372",1,1649408401,1,"0x6a37ad2236de07908d4cdc912788f40bc1db9fcba6b03062f73119959e3338ad","poh.eth",6
"196","0x758244e4d354f7f7e8305ee12b511c60cb46435114d31d51ed42cf40c89dcc97","0x69528C13dCb9d6D5bCb68FD77F8d5498F841fFe4",1,1649394185,1,"0x6a37ad2236de07908d4cdc912788f40bc1db9fcba6b03062f73119959e3338ad","poh.eth",5
"197","0xbcdaae17e13eaac4bcffc4df226af1d912d5b1d855aa24dedc24b9ca63ac43a4","0x3F40D51550db46321B96229E321fAB3cA233FCCc",1,1649384514,1,"0x6a37ad2236de07908d4cdc912788f40bc1db9fcba6b03062f73119959e3338ad","poh.eth",4
"198","0x77b2a611376066d0ae4f3b251a1f49f6122f77892ae76f7a81bda0d2f4ca9bc4","0x3c13f2B56AF614aC6381265EcB3B619bA26CC641",2,1649383621,2,"0x6a37ad2236de07908d4cdc912788f40bc1db9fcba6b03062f73119959e3338ad","poh.eth",6
"199","0xbfe456cfbaf3bde810a26f670bf0992cb3af953cca652005bbce25a60a35d48d","0x521aacB43d89E1b8FFD64d9eF76B0a1074dEdaF8",1,1649371980,1,"0x6a37ad2236de07908d4cdc912788f40bc1db9fcba6b03062f73119959e3338ad","poh.eth",4
"200","0x218715eff48151d7976394a6855b205f89c7456cfbab07c8e7268c9c7ad41e37","0x29E9e608aC6C7FEEee8126F1629640e7b2b31Bfd",1,1649363071,1,"0x6a37ad2236de07908d4cdc912788f40bc1db9fcba6b03062f73119959e3338ad","poh.eth",4
"201","0xa03af9395243575af2f7c8a80402a1c179a8a757119f6128f9d6a989e6b04b89","0x6986E8C8Da33753443959690c240B03931Bd1Edc",22,1649358568,1,"0x6a37ad2236de07908d4cdc912788f40bc1db9fcba6b03062f73119959e3338ad","poh.eth",6
"202","QmayzmRmo2q8Ga5sJtXWgeXKSyX85NRZpb8tWrd9DKQVPR","0x8BF7Cd4aE85F765a06006802e21bbCC968f45421",1,1649357383,1,"0x6a37ad2236de07908d4cdc912788f40bc1db9fcba6b03062f73119959e3338ad","poh.eth",4
"203","0xed1eabd528e674e20667cf85d7c863e0569dcd5f0e4180abc8e57ddcdb5b8d1d","0x441e1e47a6Fa2DBfD3cd9b54291E9AB3a58D7975",1,1649354064,1,"0x6a37ad2236de07908d4cdc912788f40bc1db9fcba6b03062f73119959e3338ad","poh.eth",4
"204","0x2dcd59e756b892c3152b56f63336fb7cd742c4d423792740217a27e37076c445","0xb39D022eDF05C31e1981f4F4D8137dDa9C57CFaE",1,1649352927,1,"0x6a37ad2236de07908d4cdc912788f40bc1db9fcba6b03062f73119959e3338ad","poh.eth",4
"205","0xb353ad1edab2615f8a21983aa6fc14a95d579528123ebcef018348affed4eb8a","0x4074D0b0519610bb675e7d74B4171039d230F451",1,1649352753,1,"0x6a37ad2236de07908d4cdc912788f40bc1db9fcba6b03062f73119959e3338ad","poh.eth",6
"206","0x7ca174656ac1381796174d7d7b57372c2297a74ec6b1563ab725feeb685f51c9","0xC88920b0e3DAab93e9b539a21764A2F50682c2Ec",1,1649350521,1,"0x6a37ad2236de07908d4cdc912788f40bc1db9fcba6b03062f73119959e3338ad","poh.eth",6
"207","0xe8a2444c60ec36763959be65f39e9a9143a28e8bdad32836d052aac9daa7ba86","0x5700F03F87db485fdb90e18b3100F00b235886f1",1,1649345285,1,"0x6a37ad2236de07908d4cdc912788f40bc1db9fcba6b03062f73119959e3338ad","poh.eth",4
"208","0x2fd44ecc70ef69fdabfd1d71ec567c68e7e3103b502cf92da190dc7c32095481","0x7BBbDD9bC719b6A7bB6Cd0C912bf35a14d05C21D",1,1649343371,1,"0x6a37ad2236de07908d4cdc912788f40bc1db9fcba6b03062f73119959e3338ad","poh.eth",4
"209","0x1e7d8ef7a451c2e7984f41d763004a37ad5b4ee7674efef13e04f21d91c89943","0x58805f572924b83b8c224184d2Cf60ad3302DBDF",19,1649341248,2,"0x6a37ad2236de07908d4cdc912788f40bc1db9fcba6b03062f73119959e3338ad","poh.eth",5
"210","0xac74f6a8e504786d339386d7b73456a34350eeeeb1f1b5c4b25963c9e27a98cd","0x0B4C4d870827f00d9081e6b9aF67d912Ab178002",1,1649341101,1,"0x6a37ad2236de07908d4cdc912788f40bc1db9fcba6b03062f73119959e3338ad","poh.eth",7
"211","0x8f6ecce43bdc0686a255de6a75a2c9fbbe31e715f903b0ad0939478dc0bb3154","0x5B99Fe4D171C766fdcC8Cf06Cb3B96Aa51Ea690C",1,1649340277,1,"0x6a37ad2236de07908d4cdc912788f40bc1db9fcba6b03062f73119959e3338ad","poh.eth",6
"212","0xc44bb6c023dd9ea1470eb1d5d47fe40c4012c78e7d609cf3e3fb2b89d3e3811d","0xc24Fe6f2bae027aeee47390be73D121f18F51bdB",1,1649340273,1,"0x6a37ad2236de07908d4cdc912788f40bc1db9fcba6b03062f73119959e3338ad","poh.eth",6
"213","0x617c05cda18847f8eaf61aa8e7053ad97dfd97a386c2fff66d2d98598fd0d08c","0xa93159AC7fD211361b7e036199Cfe7f6625C35f8",1,1649340080,1,"0x6a37ad2236de07908d4cdc912788f40bc1db9fcba6b03062f73119959e3338ad","poh.eth",4
"214","0x70fd2b7724258b403ae0796bfd232aab9f0bdb37932b06c879da73f6de16953b","0x68c0dd2b5A5df00Bca4f7df8CA9b1425Fe817728",1,1649340061,1,"0x6a37ad2236de07908d4cdc912788f40bc1db9fcba6b03062f73119959e3338ad","poh.eth",4
"215","Qmd5Ji7a6AS3gByJgq9MLife7j8dLWt1Rr4kBuojVoSjST","0xb525F6b3b5EFCC0C54582de2F08D890F7793e3e4",1,1649339994,1,"0x6a37ad2236de07908d4cdc912788f40bc1db9fcba6b03062f73119959e3338ad","poh.eth",5
"216","0xee6564a6af8e772854ca1e1e22b50943e94d7f78d53f9d9c2e0e686b0346548d","0x4A5040B6d75AFD80e51f4d7175de4Ff384A4ECB7",1,1649339572,1,"0x6a37ad2236de07908d4cdc912788f40bc1db9fcba6b03062f73119959e3338ad","poh.eth",5
"217","0x4e11eae46727e03c0bbbae62bfa2e41aff99370e661d24470a62ec10277b5c35","0xB7600Eb258f11BEF339bEe274cF39E8373ABF015",1,1649339343,1,"0x6a37ad2236de07908d4cdc912788f40bc1db9fcba6b03062f73119959e3338ad","poh.eth",4
"218","0x4991da7a39000d24d77121f9fe4dd02139be22132b7ad1076dab137988041ea3","0xA770d7d1E99d1e4510aFFc670BC983fbcDC819F5",1,1649338963,1,"0x6a37ad2236de07908d4cdc912788f40bc1db9fcba6b03062f73119959e3338ad","poh.eth",5
"219","0x6c556ce626e97dcd929632bbe20ad43b561725adc6c2c49b59f420b506add599","0x2b58C475f9917Be368E153cF489E2310e3934d29",1,1649338785,1,"0x6a37ad2236de07908d4cdc912788f40bc1db9fcba6b03062f73119959e3338ad","poh.eth",4
"220","0xda6f1a2b12aa98685386700ce7c49298c433c4c53a14fdf55de0eba7ab4276e6","0x4Ca2a670bd5505B870B21331a53D9bB4AE6e2084",1,1649338654,1,"0x6a37ad2236de07908d4cdc912788f40bc1db9fcba6b03062f73119959e3338ad","poh.eth",7
"221","0xabfcd93274d59cdb057e1deae1028cb49c1299c226f9fdd963c98f99e8f22b8a","0x1f8a9C9CF8e85A5ae5372005D006Bf535D0Ec8f6",1,1649338575,1,"0x6a37ad2236de07908d4cdc912788f40bc1db9fcba6b03062f73119959e3338ad","poh.eth",4
"222","0xe727e114dc84107703a89541f88bbbcddeca81501e7e6b19f55751647bff1ca2","0x26ADb3161aAb47747Bfa9B76c09F30f151A6898b",1,1649338565,1,"0x6a37ad2236de07908d4cdc912788f40bc1db9fcba6b03062f73119959e3338ad","poh.eth",4
"223","0x916617bc0090811e21d8aacb1bd40921e6b0eedb1f2c0b84131819ae4475d260","0xC61b22c563e2b6307725eE0551B25fEfEc99A4B8",1,1649338556,1,"0x6a37ad2236de07908d4cdc912788f40bc1db9fcba6b03062f73119959e3338ad","poh.eth",4
"224","0xccff4441fd2bc42166bc8622a276269308409d699eb3a286eb497bf11a6b8d3f","0x17a91203A9E9C3519c2F76210497eF7F4BE2352F",1,1649338543,1,"0x6a37ad2236de07908d4cdc912788f40bc1db9fcba6b03062f73119959e3338ad","poh.eth",6
"225","0x926fe945222818fb01ae2bbe13867eb6db1386df289a6a7caaca7f06191651b7","0x7632F73359e198D0E9aF613a8043dc1125890e7d",1,1648895143,1,"0x3cd1accb296786c81eba4a0ea207c3ea008deb4a6786c5806a5731bf25aece4c","poh.eth",4
"226","QmcsjkCiZjx8vhXjeVJv733yUoyXX11ab36JAAxXnx4VKn","0x4A5040B6d75AFD80e51f4d7175de4Ff384A4ECB7",1,1648887695,1,"0x3cd1accb296786c81eba4a0ea207c3ea008deb4a6786c5806a5731bf25aece4c","poh.eth",5
"227","0x6fad765019d49d8217dc819229153315d82269e81092a4344f0ed45fa3efeec3","0x69528C13dCb9d6D5bCb68FD77F8d5498F841fFe4",1,1648883444,1,"0x3cd1accb296786c81eba4a0ea207c3ea008deb4a6786c5806a5731bf25aece4c","poh.eth",5
"228","0x7add84a32bb66384f82406257b4310f7da4dffa17b6c5ad48e2b1bcd00abc15f","0xaF323A35075A7cF7Da7c6b4Db4B5082F7b995ee3",1,1648853098,1,"0x3cd1accb296786c81eba4a0ea207c3ea008deb4a6786c5806a5731bf25aece4c","poh.eth",6
"229","0x35377266aa0164cd150b65b0cfbedd5f42f68fe62418073b0c43a68ea153979e","0x8EE8fd1B19Fb7ceB4A640807B7a9327F55FD658E",1,1648852978,1,"0x3cd1accb296786c81eba4a0ea207c3ea008deb4a6786c5806a5731bf25aece4c","poh.eth",5
"230","0xcea6423ea0802d47394e3b1d0d6c4fff46792b51281d576a0ec3a90e1d040896","0xAEEB3B86314009F5eE315c49414646a1f5709d1C",1,1648847287,2,"0x3cd1accb296786c81eba4a0ea207c3ea008deb4a6786c5806a5731bf25aece4c","poh.eth",6
"231","0x186641fef03885e7c88b15dd446adb02a1be01cd4d354d5ca5574d8e42a668f8","0xe81F882F114255c04044C6A2534d7887f981b14B",1,1648826112,1,"0x3cd1accb296786c81eba4a0ea207c3ea008deb4a6786c5806a5731bf25aece4c","poh.eth",6
"232","0xebd10e19af818ef8e25e60e7a5e3da7aa117e227f91d5cf388ed873c4e212c32","0x2b58C475f9917Be368E153cF489E2310e3934d29",1,1648818486,1,"0x3cd1accb296786c81eba4a0ea207c3ea008deb4a6786c5806a5731bf25aece4c","poh.eth",4
"233","0x31cbab697f690512005ee23e74b645e3b79fc0a98a31d4c51e264dd4a1096d37","0xe724C1D534284f2837F3ab310eF8329BBD7c045E",1,1648808463,2,"0x3cd1accb296786c81eba4a0ea207c3ea008deb4a6786c5806a5731bf25aece4c","poh.eth",7
"234","0x692fa428ec73aa5fd52f70046c69c4f4462dee229954bcc2099282be6faf70d1","0x3C6Fe781B36cb2C89e1C355572e21022f6B65372",1,1648808081,1,"0x3cd1accb296786c81eba4a0ea207c3ea008deb4a6786c5806a5731bf25aece4c","poh.eth",6
"235","0xab6002ea3e32d08eecd6b19bd933bb026c2c59d87d611a156a982127d8f833c4","0xC88920b0e3DAab93e9b539a21764A2F50682c2Ec",1,1648779789,1,"0x3cd1accb296786c81eba4a0ea207c3ea008deb4a6786c5806a5731bf25aece4c","poh.eth",6
"236","0xd33c6fabae337f07d56ea1dfe8866a00acf0cb3023112c8c19d6659e79243b59","0xA72ef9BB82d59464eAA63f461C273f8028b20f5c",13,1648767302,1,"0x3cd1accb296786c81eba4a0ea207c3ea008deb4a6786c5806a5731bf25aece4c","poh.eth",6
"237","0x20c7c55e65b078bce65f354e96927046c3a303131a92b9818fc9d85ec321bf2a","0x42620F1be1e807712Af90F35E759517bD5B12291",1,1648766622,2,"0x3cd1accb296786c81eba4a0ea207c3ea008deb4a6786c5806a5731bf25aece4c","poh.eth",5
"238","0x668c019f448f215c1ec7d6314905555ac838dfc42f0e001d8c085f7f9f53eaa0","0x0B4C4d870827f00d9081e6b9aF67d912Ab178002",1,1648766179,2,"0x3cd1accb296786c81eba4a0ea207c3ea008deb4a6786c5806a5731bf25aece4c","poh.eth",7
"239","0xe2fe87656db5f844adb1691a6553eb854d0d0879d715e272ead4845f7b55872a","0x504E7620069a0a8354434dED3150ed7E2ECF5153",4,1648763706,1,"0x3cd1accb296786c81eba4a0ea207c3ea008deb4a6786c5806a5731bf25aece4c","poh.eth",5
"240","0xd956259aaa4ee9ef7110716db8259fd3173224883616dc56fd83ab41fcf01d54","0x82914fa00a71d80d46090e1414720275FcdE6836",1,1648757095,2,"0x3cd1accb296786c81eba4a0ea207c3ea008deb4a6786c5806a5731bf25aece4c","poh.eth",5
"241","0xf2736beb6ba051b46e50a7a3e856288695b16b9f6edd12ea3ee2f164418b9bb1","0x05f472D895F66c6BFd2EfAd2b622554D4a409C29",1,1648754120,1,"0x3cd1accb296786c81eba4a0ea207c3ea008deb4a6786c5806a5731bf25aece4c","poh.eth",4
"242","0x9db95bb06518eedc99e9f2ab087c71d4b8eb9ceebcd5dd6c29f5d883118bc07c","0xDd5AA88aD0b7E1fb429CE7419C37ca178c6D77aC",2,1648745672,2,"0x3cd1accb296786c81eba4a0ea207c3ea008deb4a6786c5806a5731bf25aece4c","poh.eth",6
"243","0x0c28d0bc1210b6b0ac9619aa9c3466168ea0170abe7137779309dd45b0b51c9e","0xAc2410433E83D028EE61d862448c6d81701c3c85",1,1648744953,1,"0x3cd1accb296786c81eba4a0ea207c3ea008deb4a6786c5806a5731bf25aece4c","poh.eth",4
"244","0x3f6932585830757fb7f0be82049dca9228860e4526b644a64d88677b9addc418","0xa697c106f153ba7Fa3801bA2afd6273559c7b105",1,1648744917,1,"0x3cd1accb296786c81eba4a0ea207c3ea008deb4a6786c5806a5731bf25aece4c","poh.eth",4
"245","0xc70ad69a769d49269d12d51b82fbb177c3745d95cea89e5dc5f5b15cabadf230","0x30C7F4F7504D6366916f669cd8E731ED4dF6C702",2,1648743687,1,"0x3cd1accb296786c81eba4a0ea207c3ea008deb4a6786c5806a5731bf25aece4c","poh.eth",5
"246","0xa7216b2b40e72beda095f1cf495dcf8517669d264559233602a87d5f97315930","0xB7600Eb258f11BEF339bEe274cF39E8373ABF015",1,1648739592,1,"0x3cd1accb296786c81eba4a0ea207c3ea008deb4a6786c5806a5731bf25aece4c","poh.eth",4
"247","0xcf786d4d58858a4a6ed93416d24fc2ceafea87c4020ca700009c817d86b352f1","0xC6510245a3d961746DB4883916d2D600e19f4ff3",1,1648737907,1,"0x3cd1accb296786c81eba4a0ea207c3ea008deb4a6786c5806a5731bf25aece4c","poh.eth",6
"248","0xb4b1738494fdc13c407ec4bc91ef13c80a4503e0c6bcfd4492028d828f3d318d","0x2A52309eDF998799C4A8b89324CCAd91848c8676",54,1648733585,1,"0x3cd1accb296786c81eba4a0ea207c3ea008deb4a6786c5806a5731bf25aece4c","poh.eth",6
"249","0x90ca492ddcbbbf1da1dcad6258d6ade31a169e21bd4baff6bfeaa7a201c650ba","0xf2067CCD06fDdf3DD90d3a850244434214C6143D",1,1648731024,2,"0x3cd1accb296786c81eba4a0ea207c3ea008deb4a6786c5806a5731bf25aece4c","poh.eth",7
"250","0xca69c59dedb9ca175e87daf5de3550d38476493dd5454bc5d27ebdc9acb3db8a","0x441e1e47a6Fa2DBfD3cd9b54291E9AB3a58D7975",1,1648668460,1,"0x3cd1accb296786c81eba4a0ea207c3ea008deb4a6786c5806a5731bf25aece4c","poh.eth",4
"251","0x63d3106d988c61abaae754b6ebab032ae2c653557c8cc1c00f026fb591682cf7","0x4Ca2a670bd5505B870B21331a53D9bB4AE6e2084",1,1648663863,1,"0x3cd1accb296786c81eba4a0ea207c3ea008deb4a6786c5806a5731bf25aece4c","poh.eth",7
"252","QmV5unnYXMz79wcwhg9fpWhQUj8UdvFhYKBppsHWTgh7D6","0x3c13f2B56AF614aC6381265EcB3B619bA26CC641",2,1648662907,2,"0x3cd1accb296786c81eba4a0ea207c3ea008deb4a6786c5806a5731bf25aece4c","poh.eth",6
"253","0x7a291e0841b46a34bae053e7825abd0574ba588d2b1855e9d94f21309c7c225e","0x2Dc84A71e20D8CF8556E0c69925d62F3D60169bc",1,1648659940,2,"0x3cd1accb296786c81eba4a0ea207c3ea008deb4a6786c5806a5731bf25aece4c","poh.eth",7
"254","0x800ed9678acb6fc0f2c1d8e552b3fae2ecac13096f24fe24c35058a36fcfa8b1","0x5B99Fe4D171C766fdcC8Cf06Cb3B96Aa51Ea690C",1,1648656598,1,"0x3cd1accb296786c81eba4a0ea207c3ea008deb4a6786c5806a5731bf25aece4c","poh.eth",6
"255","Qmck28dU1tuDpn6Q8eWnRgCxq74dH5KmJQGhKaiq5HUhuF","0x4074D0b0519610bb675e7d74B4171039d230F451",1,1648655076,1,"0x3cd1accb296786c81eba4a0ea207c3ea008deb4a6786c5806a5731bf25aece4c","poh.eth",6
"256","QmUqzoNJmesovCRL8cLFTcqCdzzn45aXQr3VUa4ps3kHMh","0xb525F6b3b5EFCC0C54582de2F08D890F7793e3e4",1,1648654305,1,"0x3cd1accb296786c81eba4a0ea207c3ea008deb4a6786c5806a5731bf25aece4c","poh.eth",5
"257","0x2a3620faa2ade8c0efbdd854f88207ab752e86cffb5082b20ba6782a031de042","0xc24Fe6f2bae027aeee47390be73D121f18F51bdB",1,1648652220,1,"0x3cd1accb296786c81eba4a0ea207c3ea008deb4a6786c5806a5731bf25aece4c","poh.eth",6
"258","0x5f07a02727d05450e9df3b9b6a06c98078ae39a8a7803983244d2de9ac5d300a","0x5eb68ef3EcF34Ae424442e4bfb4Da200a1b38Bc0",1,1648651185,2,"0x3cd1accb296786c81eba4a0ea207c3ea008deb4a6786c5806a5731bf25aece4c","poh.eth",7
"259","0xf873c7e2de0ee1914274ea09165777a76e87a0b7966379fd6ca5a0db50cf81e6","0x816384B4E6644f3A1Cb683E1CB83409A464532eA",1,1648645598,1,"0x3cd1accb296786c81eba4a0ea207c3ea008deb4a6786c5806a5731bf25aece4c","poh.eth",6
"260","0xba33ef9cb95c3cffe3a4919f58e098d8c415f35f9f9f2aa7cc36be4f5c5a0a23","0x5759252489D5Ab3A1Bb7b120133b7D6C73b21B73",1,1648644485,1,"0x3cd1accb296786c81eba4a0ea207c3ea008deb4a6786c5806a5731bf25aece4c","poh.eth",5
"261","0x051a711d925f44875d156ee098339722d6bd1c1d1b59abb1b2ee1d7df5c9ee1c","0x2c16E45e694E3ef37feb3db1851FBE146e677420",1,1648642078,1,"0x3cd1accb296786c81eba4a0ea207c3ea008deb4a6786c5806a5731bf25aece4c","poh.eth",5
"262","0x5d67af32c155026665a7966aa8a88976be8e0cf86f52a81ae31454619d784640","0x17a91203A9E9C3519c2F76210497eF7F4BE2352F",1,1648641365,1,"0x3cd1accb296786c81eba4a0ea207c3ea008deb4a6786c5806a5731bf25aece4c","poh.eth",6
"263","0x2fa556f7a956dc1c3105fa5671b19403d3977fc19b3acab3efd6ef6f97358fad","0x7632F73359e198D0E9aF613a8043dc1125890e7d",1,1648895341,1,"0x5fd580dd327a4beef54ff2feb3208486cbad8926e441e0ae50947e91fd2fd3ed","poh.eth",4
"264","0x45c5a5d52a15ace0475a9d145bfe50df465d591825a9118d64d4cdd587adca3b","0x4A5040B6d75AFD80e51f4d7175de4Ff384A4ECB7",1,1648887725,1,"0x5fd580dd327a4beef54ff2feb3208486cbad8926e441e0ae50947e91fd2fd3ed","poh.eth",5
"265","0x0405a30c7542fe6a9fbac4db0aaf1f7a43deda6fbf723ddab63e085b7e189470","0x69528C13dCb9d6D5bCb68FD77F8d5498F841fFe4",1,1648883466,1,"0x5fd580dd327a4beef54ff2feb3208486cbad8926e441e0ae50947e91fd2fd3ed","poh.eth",5
"266","0x96eb7a2c56ec5caaf59cf4b5b02ecf7c2bbfcb640a389e86ba686a0e090aa1fe","0xaF323A35075A7cF7Da7c6b4Db4B5082F7b995ee3",1,1648852944,1,"0x5fd580dd327a4beef54ff2feb3208486cbad8926e441e0ae50947e91fd2fd3ed","poh.eth",6
"267","0x9ff4a36e643e47e10585d4f90f2aeb93a8cae694ba434ee2d09d2cbc137c5850","0x8EE8fd1B19Fb7ceB4A640807B7a9327F55FD658E",1,1648852935,1,"0x5fd580dd327a4beef54ff2feb3208486cbad8926e441e0ae50947e91fd2fd3ed","poh.eth",5
"268","0xc18d7b48f5a7ac391af3a4dc104bd4405d0306c76b4d171b66314a249bf2a6d6","0xAEEB3B86314009F5eE315c49414646a1f5709d1C",1,1648847328,1,"0x5fd580dd327a4beef54ff2feb3208486cbad8926e441e0ae50947e91fd2fd3ed","poh.eth",6
"269","0xf31fe4c4f72106594e8b13d739f942b6590bdbf2265681c915f2ed1f6dc788ac","0xe81F882F114255c04044C6A2534d7887f981b14B",1,1648826130,1,"0x5fd580dd327a4beef54ff2feb3208486cbad8926e441e0ae50947e91fd2fd3ed","poh.eth",6
"270","0xa56d02afdf122511d49cd51f1970764b81a49aae1f4167c5e1e38ebffa48e41a","0x2b58C475f9917Be368E153cF489E2310e3934d29",1,1648818468,1,"0x5fd580dd327a4beef54ff2feb3208486cbad8926e441e0ae50947e91fd2fd3ed","poh.eth",4
"271","0x5583d74ca72772c37aa3fe5f3e551346af03fab1306802a6b7ac49e55fbbb4e5","0xe724C1D534284f2837F3ab310eF8329BBD7c045E",1,1648808492,1,"0x5fd580dd327a4beef54ff2feb3208486cbad8926e441e0ae50947e91fd2fd3ed","poh.eth",7
"272","0x6afb8511bd9c39c6c23c63592e0ecb510dbb010c5f89855f61944bf75fe7cb6b","0x3C6Fe781B36cb2C89e1C355572e21022f6B65372",1,1648808105,1,"0x5fd580dd327a4beef54ff2feb3208486cbad8926e441e0ae50947e91fd2fd3ed","poh.eth",6
"273","0xedd0634e8bc3d7cd802692f070c3e4f4e2aae3f7faa9ac62367c460825c79e7a","0x5B99Fe4D171C766fdcC8Cf06Cb3B96Aa51Ea690C",1,1648805766,1,"0x5fd580dd327a4beef54ff2feb3208486cbad8926e441e0ae50947e91fd2fd3ed","poh.eth",6
"274","0x02d06ddf78237152e8c6c6bf645303002a26e25685d277e07d75f59b922a80e2","0xC88920b0e3DAab93e9b539a21764A2F50682c2Ec",1,1648779747,1,"0x5fd580dd327a4beef54ff2feb3208486cbad8926e441e0ae50947e91fd2fd3ed","poh.eth",6
"275","0xfc06856a3efe28edcd778765c531fbfefbafa5b67281729761f805f6e87b3eb7","0xA72ef9BB82d59464eAA63f461C273f8028b20f5c",14,1648767195,1,"0x5fd580dd327a4beef54ff2feb3208486cbad8926e441e0ae50947e91fd2fd3ed","poh.eth",6
"276","0xd11e915638267abe297142218c2c470b5a75908a2da7b6cfee1398f13187f918","0x42620F1be1e807712Af90F35E759517bD5B12291",1,1648766404,1,"0x5fd580dd327a4beef54ff2feb3208486cbad8926e441e0ae50947e91fd2fd3ed","poh.eth",5
"277","0xf2659171f84fceb8e59cdf2ec6766be3a4f963903ef502318085791c6ba0275b","0x0B4C4d870827f00d9081e6b9aF67d912Ab178002",1,1648766004,1,"0x5fd580dd327a4beef54ff2feb3208486cbad8926e441e0ae50947e91fd2fd3ed","poh.eth",7
"278","0xb8001cc3a083cbadfc64d0a8e492e27d104da172f7d7d310fba69bf567d4e4dc","0x504E7620069a0a8354434dED3150ed7E2ECF5153",4,1648763684,1,"0x5fd580dd327a4beef54ff2feb3208486cbad8926e441e0ae50947e91fd2fd3ed","poh.eth",5
"279","0x0734867852e210efe2d67fc6eb7fce131a0971136d4255ab314884a35c0ec3ac","0x82914fa00a71d80d46090e1414720275FcdE6836",1,1648757073,1,"0x5fd580dd327a4beef54ff2feb3208486cbad8926e441e0ae50947e91fd2fd3ed","poh.eth",5
"280","0xa7e46d6d7b3a3a76db26ca1a663abd517fbee9061c02ae6e08f7ebe45cb7d90e","0x05f472D895F66c6BFd2EfAd2b622554D4a409C29",1,1648754100,1,"0x5fd580dd327a4beef54ff2feb3208486cbad8926e441e0ae50947e91fd2fd3ed","poh.eth",4
"281","0x3eb70f9010596610834dd72a091c29ca9dd07220e517990c683a0d6af91ffd39","0xDd5AA88aD0b7E1fb429CE7419C37ca178c6D77aC",2,1648745724,1,"0x5fd580dd327a4beef54ff2feb3208486cbad8926e441e0ae50947e91fd2fd3ed","poh.eth",6
"282","0x9268bd95aced767a90bb9df0fe7338af4835bb6d631cf0df487349de760d1fb0","0xAc2410433E83D028EE61d862448c6d81701c3c85",1,1648744776,1,"0x5fd580dd327a4beef54ff2feb3208486cbad8926e441e0ae50947e91fd2fd3ed","poh.eth",4
"283","0xab2b6d11bb729d227241e454b7474edf65861c599608143c89c6f71dec07b59b","0xa697c106f153ba7Fa3801bA2afd6273559c7b105",1,1648744743,1,"0x5fd580dd327a4beef54ff2feb3208486cbad8926e441e0ae50947e91fd2fd3ed","poh.eth",4
"284","0xd395c09cd016cf653372093fd97c145ffba510ebb6ce5a02ffad9424e69242a8","0x30C7F4F7504D6366916f669cd8E731ED4dF6C702",2,1648743737,1,"0x5fd580dd327a4beef54ff2feb3208486cbad8926e441e0ae50947e91fd2fd3ed","poh.eth",5
"285","0xe1577c159843f2833cb3216c7ddd90d720086d0039532eb257b17da452713d2c","0xB7600Eb258f11BEF339bEe274cF39E8373ABF015",1,1648739312,1,"0x5fd580dd327a4beef54ff2feb3208486cbad8926e441e0ae50947e91fd2fd3ed","poh.eth",4
"286","0x993de7459b69ccc577bf41112e075c0f5fde65d40057b2b2804568ccb9ae40d2","0xC6510245a3d961746DB4883916d2D600e19f4ff3",1,1648737877,1,"0x5fd580dd327a4beef54ff2feb3208486cbad8926e441e0ae50947e91fd2fd3ed","poh.eth",6
"287","0x2ec62fd5af81b714b21e2943da35668f443785a4b76f19ccd86cda432f9cec5f","0x2A52309eDF998799C4A8b89324CCAd91848c8676",54,1648733601,1,"0x5fd580dd327a4beef54ff2feb3208486cbad8926e441e0ae50947e91fd2fd3ed","poh.eth",6
"288","0xcf81dfcdf26191df7a2b6cd23835d0dd8cf3452d4006ad89ffec508fcf68a547","0xf2067CCD06fDdf3DD90d3a850244434214C6143D",1,1648729691,1,"0x5fd580dd327a4beef54ff2feb3208486cbad8926e441e0ae50947e91fd2fd3ed","poh.eth",7
"289","0xee9c488cf2e7e88136086be108ba4aa5eb379c57e2a7a2eab8c2115d24aa2565","0x9d9E26932d012b2Ab21B974fE1552F4025b1e1Cc",1,1648714023,1,"0x5fd580dd327a4beef54ff2feb3208486cbad8926e441e0ae50947e91fd2fd3ed","poh.eth",4
"290","0x2321739edd2aa791ea0ab24beb76e32057f63d19d6acfef9ecefbd3818db784e","0x6986E8C8Da33753443959690c240B03931Bd1Edc",21,1648683156,1,"0x5fd580dd327a4beef54ff2feb3208486cbad8926e441e0ae50947e91fd2fd3ed","poh.eth",6
"291","0xe9a8acca83d74c2be9af49ed15e34baf1540879803f7f0e5eb3e0b065e95f463","0x4Ca2a670bd5505B870B21331a53D9bB4AE6e2084",1,1648670798,1,"0x5fd580dd327a4beef54ff2feb3208486cbad8926e441e0ae50947e91fd2fd3ed","poh.eth",7
"292","0x6509e21c3bbfeaf0ecac3361db103e863dfe554360f213582928c7430b281339","0x441e1e47a6Fa2DBfD3cd9b54291E9AB3a58D7975",1,1648668424,1,"0x5fd580dd327a4beef54ff2feb3208486cbad8926e441e0ae50947e91fd2fd3ed","poh.eth",4
"293","0xe09d9a394795693394117bbaf633e6d020dd1c84db2d32ce58135bca055cc798","0x2Dc84A71e20D8CF8556E0c69925d62F3D60169bc",1,1648659911,1,"0x5fd580dd327a4beef54ff2feb3208486cbad8926e441e0ae50947e91fd2fd3ed","poh.eth",7
"294","0xdb557537aa399666afd99593a26cca42c422d4f9ebc04bfbec63401344642b0c","0x816384B4E6644f3A1Cb683E1CB83409A464532eA",1,1648657459,1,"0x5fd580dd327a4beef54ff2feb3208486cbad8926e441e0ae50947e91fd2fd3ed","poh.eth",6
"295","QmPJRCjqRtG14yqkNWAdYnXGXSHg3ggnTs2aEk9sJa9BXA","0xb525F6b3b5EFCC0C54582de2F08D890F7793e3e4",1,1648654274,1,"0x5fd580dd327a4beef54ff2feb3208486cbad8926e441e0ae50947e91fd2fd3ed","poh.eth",5
"296","0x026ed14efe4387f3e5215ba5abb2a5790b277afdcbadb972bdaddbce24c29288","0xc24Fe6f2bae027aeee47390be73D121f18F51bdB",1,1648652652,1,"0x5fd580dd327a4beef54ff2feb3208486cbad8926e441e0ae50947e91fd2fd3ed","poh.eth",6
"297","0x56e18df5e063715fd05e832bea89d59004970f596e2b960b485d4d2f04ba68bf","0x5759252489D5Ab3A1Bb7b120133b7D6C73b21B73",1,1648646574,1,"0x5fd580dd327a4beef54ff2feb3208486cbad8926e441e0ae50947e91fd2fd3ed","poh.eth",5
"298","0xb446b4c2d0b9b67ba64bd2d35df0c980e9829da5f954763117cee258e5678b3b","0x5eb68ef3EcF34Ae424442e4bfb4Da200a1b38Bc0",1,1648642306,1,"0x5fd580dd327a4beef54ff2feb3208486cbad8926e441e0ae50947e91fd2fd3ed","poh.eth",7
"299","0x10ec1a32a3c1b57a16b32909a2f6d28569ce464a4592722aae5244c2b8725231","0x2c16E45e694E3ef37feb3db1851FBE146e677420",1,1648641772,1,"0x5fd580dd327a4beef54ff2feb3208486cbad8926e441e0ae50947e91fd2fd3ed","poh.eth",5
"300","0x429ecbad4bd5019261515fc9262c689b9ad2552de59d0c2088a89fbb039afa35","0x17a91203A9E9C3519c2F76210497eF7F4BE2352F",1,1648641375,1,"0x5fd580dd327a4beef54ff2feb3208486cbad8926e441e0ae50947e91fd2fd3ed","poh.eth",6
"301","0x7403160e099d0c4a5e8a930faffdc413bb295c94fcd8989f66eabdd515b46b13","0x3C6Fe781B36cb2C89e1C355572e21022f6B65372",1,1648024274,2,"0x824953e27fca1b0dbc0242b82750afbd2efb6b60621a6383674653bc826ef9c8","poh.eth",6
"302","0x8fec5f0e5309b021fb6147db9bd5ce21f4b50e1ad80354032acdaaf2fe2513f6","0xe724C1D534284f2837F3ab310eF8329BBD7c045E",1,1647943225,2,"0x824953e27fca1b0dbc0242b82750afbd2efb6b60621a6383674653bc826ef9c8","poh.eth",7
"303","0xb43e0a580a19004d7ef2eb24de5c18f1481e5caf9a2c1b0eaed905301a70851a","0x95F50Cf888dFeC90321dC376c1E695F15B081595",1,1647917487,1,"0x824953e27fca1b0dbc0242b82750afbd2efb6b60621a6383674653bc826ef9c8","poh.eth",5
"304","0x0b4197aec68291d83ac7c1ba103f86641cd2d9be04a436b9abab7a646e0f048f","0x30C7F4F7504D6366916f669cd8E731ED4dF6C702",1,1647893821,2,"0x824953e27fca1b0dbc0242b82750afbd2efb6b60621a6383674653bc826ef9c8","poh.eth",5
"305","0xd861786388ebc6af393b5462f2a82441db40351946b4c77a0ab8dd3b9600bd79","0xa697c106f153ba7Fa3801bA2afd6273559c7b105",1,1647886092,2,"0x824953e27fca1b0dbc0242b82750afbd2efb6b60621a6383674653bc826ef9c8","poh.eth",4
"306","0xb8c31d9374a0e29af0c74ff87de758a320c769c5ccf361bba0ced182a580a4ab","0x2Dc84A71e20D8CF8556E0c69925d62F3D60169bc",1,1647871276,2,"0x824953e27fca1b0dbc0242b82750afbd2efb6b60621a6383674653bc826ef9c8","poh.eth",7
"307","0xf881ea14d2b0f8025b1527276db3f01fa8f6923a08738931eacb527d4b8d71e7","0x3c13f2B56AF614aC6381265EcB3B619bA26CC641",2,1647834227,2,"0x824953e27fca1b0dbc0242b82750afbd2efb6b60621a6383674653bc826ef9c8","poh.eth",6
"308","0xd7e7d8171c742eb7936e7411b1a9505cbcd728cae810668830134f43e8ac82e9","0xC6510245a3d961746DB4883916d2D600e19f4ff3",1,1647827975,2,"0x824953e27fca1b0dbc0242b82750afbd2efb6b60621a6383674653bc826ef9c8","poh.eth",6
"309","0x81cf5542e22eff8e2a6dc6c1a764339e6bab3a7a41dfca725e2a3b981c5b6369","0x0D70cbb4598A1ba7C21225C280a54C9fE9295802",1,1647827847,2,"0x824953e27fca1b0dbc0242b82750afbd2efb6b60621a6383674653bc826ef9c8","poh.eth",4
"310","0x9636f0cb999edcad29a2fddeb4b2a432997e794a1aad2b81234a7b2f66f6a0f6","0xC97C5931C53223B434b64B44d03f4d5B404126b1",1,1647801523,2,"0x824953e27fca1b0dbc0242b82750afbd2efb6b60621a6383674653bc826ef9c8","poh.eth",4
"311","0x7c07bb60688e5ea33c6ce11e536afca4bdd7fb3a950ebcd9d554d567115252b3","0x5B99Fe4D171C766fdcC8Cf06Cb3B96Aa51Ea690C",1,1647781302,2,"0x824953e27fca1b0dbc0242b82750afbd2efb6b60621a6383674653bc826ef9c8","poh.eth",6
"312","0x99de7f51c996ba0cb1d34639cfbfd927b7ee8c9b133402ea62b7e1c3a5114b22","0xaF323A35075A7cF7Da7c6b4Db4B5082F7b995ee3",1,1647564114,2,"0x824953e27fca1b0dbc0242b82750afbd2efb6b60621a6383674653bc826ef9c8","poh.eth",6
"313","0x26f923a8ecf790c00ef2f1c8ac611ffc825d8688acd546e74678eaf6802f145f","0xBd48b22039146ccd80c96D516cA5FE61f4133b4E",1,1647563558,2,"0x824953e27fca1b0dbc0242b82750afbd2efb6b60621a6383674653bc826ef9c8","poh.eth",4
"314","0x6df94acf65f5881fb46873c2604be488d9d866aa33083f50aa9ea475c6368fc7","0xf28AB805D6Edee246443AC25E3C4aA4A2B56c586",1,1647562942,2,"0x824953e27fca1b0dbc0242b82750afbd2efb6b60621a6383674653bc826ef9c8","poh.eth",5
"315","0xdb6f2688e8f96d94ca7aa1a35e7b6f572f3ccfa1430d308f5525b071d29146a0","0xA72ef9BB82d59464eAA63f461C273f8028b20f5c",13,1647534239,2,"0x824953e27fca1b0dbc0242b82750afbd2efb6b60621a6383674653bc826ef9c8","poh.eth",6
"316","0x77b398038e3ea3c4158ee9d8b36228070ea6ef160e48ef38ef420af3db339934","0x749A37e63d4B4FB8CA8a07a9C168eB55207c1d79",1,1647530801,2,"0x824953e27fca1b0dbc0242b82750afbd2efb6b60621a6383674653bc826ef9c8","poh.eth",5
"317","0xa03837ffb36282691e995c1a5353283d395481546f9b0828b96b7e31f0f491b7","0x4074D0b0519610bb675e7d74B4171039d230F451",1,1647525516,2,"0x824953e27fca1b0dbc0242b82750afbd2efb6b60621a6383674653bc826ef9c8","poh.eth",6
"318","0x5d3545c2231f517ebdc3e2dcb72eaff3ad02f0b86d4fe74e5d105f86b4e954d7","0x58805f572924b83b8c224184d2Cf60ad3302DBDF",15,1647521345,1,"0x824953e27fca1b0dbc0242b82750afbd2efb6b60621a6383674653bc826ef9c8","poh.eth",5
"319","0x98d209749379dd967d1ea76324781d3aab1db08397c53630942391a7c9482eea","0x14D92832265eeAFDEF9e526356FEfc90105966c3",1,1647507584,2,"0x824953e27fca1b0dbc0242b82750afbd2efb6b60621a6383674653bc826ef9c8","poh.eth",4
"320","0x72ee07cbb70c969f87b8e2f820e284ba94e9d76f052106f113d933145e6c73d0","0x6986E8C8Da33753443959690c240B03931Bd1Edc",14,1647489859,2,"0x824953e27fca1b0dbc0242b82750afbd2efb6b60621a6383674653bc826ef9c8","poh.eth",6
"321","0xb9ddd90af6530be731a7d2c9c20ee9829ad70e9473b7b6d9b5f586507e4becd2","0xf2067CCD06fDdf3DD90d3a850244434214C6143D",1,1647455891,2,"0x824953e27fca1b0dbc0242b82750afbd2efb6b60621a6383674653bc826ef9c8","poh.eth",7
"322","0x6675a95d7229539c0415f175960d64b3b462802da11dbc34fdf4b358ae86c12a","0x82914fa00a71d80d46090e1414720275FcdE6836",1,1647452685,2,"0x824953e27fca1b0dbc0242b82750afbd2efb6b60621a6383674653bc826ef9c8","poh.eth",5
"323","0xe98c9af1050dc183a15934df50b6aea9dbaf04c8ee04fa26f2ce49a83b4133dd","0x4Ca2a670bd5505B870B21331a53D9bB4AE6e2084",1,1647443986,2,"0x824953e27fca1b0dbc0242b82750afbd2efb6b60621a6383674653bc826ef9c8","poh.eth",7
"324","0x7a5868ed496a569ea40e193067ccd90116c14901c3b05bc6ef63edae7e7a8898","0xA770d7d1E99d1e4510aFFc670BC983fbcDC819F5",1,1647442742,2,"0x824953e27fca1b0dbc0242b82750afbd2efb6b60621a6383674653bc826ef9c8","poh.eth",5
"325","0x92ec378f175488da910c4e0fc11b0be9c4653a8f03896f0dee024dc26c8b70ad","0x504E7620069a0a8354434dED3150ed7E2ECF5153",2,1647442449,2,"0x824953e27fca1b0dbc0242b82750afbd2efb6b60621a6383674653bc826ef9c8","poh.eth",5
"326","QmQ8kAj5xx8mVwVdJgnR4TvqBvf2YjpMHc93YFdB8dwn5H","0x4A5040B6d75AFD80e51f4d7175de4Ff384A4ECB7",1,1647439853,2,"0x824953e27fca1b0dbc0242b82750afbd2efb6b60621a6383674653bc826ef9c8","poh.eth",5
"327","0xf5426eac2a10fe21c2b02ab21151a73bed84bd512422c4072c24b94098ecf79a","0x5eb68ef3EcF34Ae424442e4bfb4Da200a1b38Bc0",1,1647428907,2,"0x824953e27fca1b0dbc0242b82750afbd2efb6b60621a6383674653bc826ef9c8","poh.eth",7
"328","0x89bd5a1f05eddad8a14341e781e26ef02d42f6ec2de13431066992e0e2531309","0x2b58C475f9917Be368E153cF489E2310e3934d29",1,1647391687,2,"0x824953e27fca1b0dbc0242b82750afbd2efb6b60621a6383674653bc826ef9c8","poh.eth",4
"329","0x8840368feb48f9123fbea66d509cbd121005a7bc69137610e9401aa090d6a686","0x816384B4E6644f3A1Cb683E1CB83409A464532eA",1,1647382157,2,"0x824953e27fca1b0dbc0242b82750afbd2efb6b60621a6383674653bc826ef9c8","poh.eth",6
"330","0x58d1216c830e53d75da5a98c702bafcd33b99a8b1b1b5dea43e8f9876f596025","0x521aacB43d89E1b8FFD64d9eF76B0a1074dEdaF8",1,1647318765,2,"0x824953e27fca1b0dbc0242b82750afbd2efb6b60621a6383674653bc826ef9c8","poh.eth",4
"331","0xabd9291b630e2ec0313470660912b8405ad0684ecf5fbefe80762eb90fdfea6c","0x68e858455EF7cab11152D1AFaBC5c106b690b014",1,1647312691,2,"0x824953e27fca1b0dbc0242b82750afbd2efb6b60621a6383674653bc826ef9c8","poh.eth",4
"332","0x0c2e5a0721f67e6b9d818a75c898a77b3cb0fc854fa3534cb88f2340feee7b91","0x45452D8508356dC9619F23Eab6932B4Aab1946E6",1,1647312459,2,"0x824953e27fca1b0dbc0242b82750afbd2efb6b60621a6383674653bc826ef9c8","poh.eth",4
"333","0xf048e7fa02fb514004d470639a8fd3e892a258664cb5b7898227d2ee7cdaaeb7","0xaBfd1fffFD163A449B3119D1B9BbeFBcaE04Ba27",1,1647312339,2,"0x824953e27fca1b0dbc0242b82750afbd2efb6b60621a6383674653bc826ef9c8","poh.eth",4
"334","0x6cfbe8664eb64dec9993ce247ff1125c4bffa0aef8bd58b6ac0c915f0f414f56","0xB89B619e3F6C35019D4Be83E92e99e809AF8ECb3",1,1647312247,1,"0x824953e27fca1b0dbc0242b82750afbd2efb6b60621a6383674653bc826ef9c8","poh.eth",4
"335","0xf8f16de862665e0f1e98700baca96213a279b8d32902e7778900b1b3ec7b368d","0x5700F03F87db485fdb90e18b3100F00b235886f1",1,1647296859,2,"0x824953e27fca1b0dbc0242b82750afbd2efb6b60621a6383674653bc826ef9c8","poh.eth",4
"336","0xd7d4401181540d60f4e9adeec03f0c32a032f7d34893317058742d9952412276","0xAEEB3B86314009F5eE315c49414646a1f5709d1C",1,1647288160,1,"0x824953e27fca1b0dbc0242b82750afbd2efb6b60621a6383674653bc826ef9c8","poh.eth",6
"337","QmP6TrPQdXgp1cVF42Gdg5SateqRE3uQAVbs9HGTobyVue","0xb525F6b3b5EFCC0C54582de2F08D890F7793e3e4",1,1647282080,2,"0x824953e27fca1b0dbc0242b82750afbd2efb6b60621a6383674653bc826ef9c8","poh.eth",5
"338","0x28e64a4c4b8190cccca6d7530173b9a3bab201f424732ce00056343a143466e1","0xAc2410433E83D028EE61d862448c6d81701c3c85",1,1647279334,2,"0x824953e27fca1b0dbc0242b82750afbd2efb6b60621a6383674653bc826ef9c8","poh.eth",4
"339","0x6011c24f0433b558539864aea0799aded353161f35e979c5fb8e38e3d7ea0f2b","0xb39D022eDF05C31e1981f4F4D8137dDa9C57CFaE",1,1647277914,2,"0x824953e27fca1b0dbc0242b82750afbd2efb6b60621a6383674653bc826ef9c8","poh.eth",4
"340","0x802d2c67819654294aa4d8e449ce6232b456a903e37c989fcb97540adf8ea8f9","0x0B4C4d870827f00d9081e6b9aF67d912Ab178002",1,1647265256,2,"0x824953e27fca1b0dbc0242b82750afbd2efb6b60621a6383674653bc826ef9c8","poh.eth",7
"341","0x1e750a4f45f3d160a65db302b89b52686275987a581408a79f876dd66fe36667","0xce6364C714bfDF453f01b0A5E6EBA500392976fF",1,1647256818,1,"0x824953e27fca1b0dbc0242b82750afbd2efb6b60621a6383674653bc826ef9c8","poh.eth",4
